City_ID,City,Country,Max Temp,Current Description,Lat,Lng,Hotel Name
2,Rikitea,PF,73.67,moderate rain,-23.1203,-134.9692,People ThankYou
10,Tarrafal,CV,75.99,scattered clouds,15.2833,-23.7667,Hotel Ixola
12,Port Alfred,ZA,63.18,clear sky,-33.5906,26.891,The Halyards Hotel
17,Bengkulu,ID,77.23,overcast clouds,-3.8004,102.2655,Grage Hotel Bengkulu
18,Butaritari,KI,81.9,scattered clouds,3.0707,172.7902,Isles Sunset Lodge
19,Avarua,CK,77.05,broken clouds,-21.2078,-159.775,Paradise Inn
26,Vaini,TO,77.16,few clouds,-21.2,-175.2,Keleti Beach Resort
28,Sakakah,SA,80.17,clear sky,29.9697,40.2064,Fakhamat Al Orjoana Apartment
29,Lumby,CA,81.36,overcast clouds,50.2498,-118.969,Twin Creeks Motel
30,Russell,US,78.4,clear sky,32.3502,-85.1999,Macs
31,Jamestown,US,71.19,clear sky,42.097,-79.2353,Hampton Inn & Suites Jamestown
32,Mitsamiouli,KM,75.88,clear sky,-11.3847,43.2844,Foyer ADM
35,Moose Factory,CA,69.8,clear sky,51.2585,-80.6094,Cree Village Eco Lodge
37,Port Elizabeth,ZA,61.32,clear sky,-33.918,25.5701,39 On Nile Guest House
44,Georgetown,MY,83.89,few clouds,5.4112,100.3354,Cititel Penang
45,Palmer,US,76.6,few clouds,42.1584,-72.3287,Wedgewood Motel
46,East London,ZA,72.84,clear sky,-33.0153,27.9116,Tu Casa
47,Port Blair,IN,77.04,thunderstorm with light rain,11.6667,92.75,"Welcomhotel By ITC Hotels, Bay Island, Port Blair"
48,Kavieng,PG,84.52,scattered clouds,-2.5744,150.7967,Nusa Island Retreat
51,Arraial Do Cabo,BR,70.88,clear sky,-22.9661,-42.0278,Pousada Porto Praia
52,La Ronge,CA,79.05,scattered clouds,55.1001,-105.2842,Northland Motor Hotel
53,Neiafu,TO,81.28,broken clouds,-18.65,-173.9833,Mystic Sands Beachfront Accommodation
55,Neath,GB,63.23,clear sky,51.6632,-3.8044,The Castle Hotel
56,Vila,PT,62.71,clear sky,42.0304,-8.1588,Hotel Castrum Villae by Walk Hotels
58,Quatre Cocos,MU,66.31,scattered clouds,-20.2078,57.7625,Sunrise Attitude Hotel
59,Patharia,IN,84.61,overcast clouds,23.9,79.2,Maraige hool ‡§∂‡§æ‡§¶‡•Ä ‡§ò‡§∞ ‡§™‡§•‡§∞‡§ø‡§Ø‡§æ ‡§¶‡§Æ‡•ã‡§π
60,Passagem Franca,BR,74.16,clear sky,-6.1797,-43.7836,Hotel Brasil
61,Chuy,UY,61.25,broken clouds,-33.6971,-53.4616,Nuevo Hotel Plaza
66,Norman Wells,CA,82.44,smoke,65.282,-126.8329,Heritage Hotel
67,Manokwari,ID,81.79,overcast clouds,-0.8667,134.0833,Swiss Belhotel Manokwari
68,Natal,BR,75.42,broken clouds,-5.795,-35.2094,Villa Park Hotel | Natal
72,Carutapera,BR,74.55,overcast clouds,-1.195,-46.02,Lidera
73,Lompoc,US,79.7,clear sky,34.6391,-120.4579,"Holiday Inn Express Lompoc, an IHG Hotel"
74,Atuona,PF,77.79,clear sky,-9.8,-139.0333,Villa Enata
76,Los Llanos De Aridane,ES,67.75,clear sky,28.6585,-17.9182,Valle Aridane
77,Larreynaga,NI,80.02,broken clouds,12.6769,-86.5719,Finca El Carrizal
80,Ravar,IR,82.89,clear sky,31.2656,56.8055,computertik
86,Imbituba,BR,62.1,few clouds,-28.24,-48.6703,Praia Hotel Imbituba
87,Fairbanks,US,74.23,light rain,64.8378,-147.7164,Westmark Fairbanks Hotel & Conference Center
88,Bathsheba,BB,83.01,broken clouds,13.2167,-59.5167,Atlantis Hotel
91,Salalah,OM,77.09,light intensity drizzle,17.0151,54.0924,"HAMDAN PLAZA HOTEL SALALAH, an HTG Hotel"
96,Rocha,UY,62.24,moderate rain,-34.4833,-54.3333,Hotel Arrarte
97,Namibe,AO,62.37,clear sky,-15.1961,12.1522,Hotel Chik Chik Namibe
98,Kapaa,US,84.52,clear sky,22.0752,-159.319,Sheraton Kauai Coconut Beach Resort
100,Saint-Pierre,RE,68.92,clear sky,-21.3393,55.4781,Alize Plage
102,Anyang,CN,79.27,broken clouds,36.0994,114.3289,Ibis Anyang Jiefang Ave Hotel
103,Cockburn Town,TC,81.77,overcast clouds,21.4612,-71.1419,Osprey Beach Hotel
104,Sola,VU,83.07,light intensity drizzle,-13.8833,167.55,Leumerus Bungalows
105,Faanui,PF,78.12,broken clouds,-16.4833,-151.75,Bora-Bora Pearl Beach Resort & Spa
106,Gaziantep,TR,71.53,clear sky,37.0594,37.3825,Novotel Gaziantep
107,Ambilobe,MG,67.35,few clouds,-13.2,49.05,H√¥tel & Restaurant DIANA Ambilobe
108,Lagoa,PT,67.53,overcast clouds,39.05,-27.9833,Casa Das Faias
110,Souillac,MU,66.58,light rain,-20.5167,57.5167,Shanti Maurice Resort & Spa
111,Lorengau,PG,84.47,broken clouds,-2.0226,147.2712,Lorengau Harbourside Hotel
112,Aklavik,CA,67.23,few clouds,68.2191,-135.0107,Aklavik Inn
113,Asau,RO,64.96,overcast clouds,46.4333,26.4,Casa Mika Ciobanus
118,Monrovia,LR,76.1,light rain,6.3005,-10.7969,Sunset Inn
119,Puerto Ayora,EC,71.55,overcast clouds,-0.7393,-90.3518,Finch Bay Galapagos Hotel
122,Hithadhoo,MV,83.25,light rain,-0.6,73.0833,Scoop Guest House
123,Funadhoo,MV,81.5,heavy intensity rain,6.15,73.2667,Dhaffalhu Tourist Lodge
124,Ribeira Grande,PT,68.14,overcast clouds,38.5167,-28.7,Quinta da Meia Eira
126,Bambous Virieux,MU,66.45,light rain,-20.3428,57.7575,Casa Tia Villa
127,Lakatoro,VU,82.27,broken clouds,-16.0999,167.4164,Lakatoro Palm Lodge
128,Vao,NC,76.5,overcast clouds,-22.6667,167.4833,Hotel Kou-Bugny
129,Carnarvon,AU,66.72,overcast clouds,-24.8667,113.6333,Hospitality Carnarvon
131,Quelimane,MZ,63.21,clear sky,-17.8786,36.8883,Hotel Flamingo
132,Tokmak,UA,65.91,overcast clouds,47.2514,35.7058,–î–æ–º –ø—Ä–∏–µ–∑–∂–∏—Ö
137,Nador,MA,73.65,clear sky,35.174,-2.9287,H√¥tel La Giralda
138,Yellowknife,CA,73.92,smoke,62.456,-114.3525,The Explorer Hotel
140,Fortuna,US,70.93,few clouds,40.5982,-124.1573,Super 8 by Wyndham Fortuna
142,Chegdomyn,RU,72.79,moderate rain,51.1167,133.0167,Gostinitsa Bureya
144,Pangkalanbuun,ID,80.98,scattered clouds,-2.6833,111.6167,Grand Kecubung Hotel
147,Noyabrsk,RU,62.96,clear sky,63.1994,75.4507,Hotel Uyutnaya
148,Mogadishu,SO,75.6,overcast clouds,2.0371,45.3438,Hotel Juba
149,Santa Cruz De La Palma,ES,71.74,clear sky,28.6835,-17.7642,H10 Taburiente Playa
153,Guerrero Negro,MX,72.28,few clouds,27.9769,-114.0611,"Casa Laguna, Bed & Breakfast"
154,Merrill,US,80.37,clear sky,45.1805,-89.6835,Prairie Motel
155,Bolobo,CD,73.47,scattered clouds,-2.1667,16.2333,Hotel de Stephen
157,Caravelas,BR,70.32,clear sky,-17.7125,-39.2481,Pousada dos Navegantes
158,Thompson,CA,71.76,broken clouds,55.7435,-97.8558,Burntwood Hotel
159,Pacific Grove,US,74.01,clear sky,36.6177,-121.9166,Lovers Point Inn
161,Tual,ID,79.34,few clouds,-5.6667,132.75,Grand Vilia Hotel
162,Mahebourg,MU,66.49,scattered clouds,-20.4081,57.7,Shandrani Beachcomber Resort & Spa
164,Puerto Escondido,MX,82.13,broken clouds,15.85,-97.0667,Aldea del Bazar Hotel and Spa
169,Kamaishi,JP,78.64,light rain,39.2667,141.8833,Hotel Route Inn Kamaishi
171,Havre-Saint-Pierre,CA,61.16,overcast clouds,50.2334,-63.5986,Auberge Niapiskau
172,Pisco,PE,61.02,clear sky,-13.7,-76.2167,Hotel San Isidro Oficial
173,Sainte-Thecle,CA,68.05,clear sky,46.8168,-72.4991,Camping Lac et For√™t
176,Albina,SR,72.45,overcast clouds,5.5,-54.05,Hudace
179,Ardakan,IR,84.92,clear sky,32.31,54.0175,Ardakan Hotel
180,Biak,ID,78.31,overcast clouds,-0.9131,122.8766,Penginapan Kim
181,Nkhotakota,MW,63.43,clear sky,-12.9274,34.2961,Sitima Inn
182,Xining,CN,68.31,few clouds,36.6167,101.7667,Super Leisure Hotel
184,Surt,LY,78.26,clear sky,31.2089,16.5887,ÿßŸÑŸáÿßÿØŸä ÿßÿ®Ÿàÿ¥ÿπÿßŸÑŸá ÿ≥ÿ±ÿ™
185,Beyneu,KZ,77.99,clear sky,45.3167,55.2,NUR
187,Sao Filipe,CV,74.01,scattered clouds,14.8961,-24.4956,Hotel Xaguate
188,Bethel,US,78.89,clear sky,41.3712,-73.414,Courtyard by Marriott Danbury
189,Nanning,CN,81.05,clear sky,22.8167,108.3167,Nanning Travelling With Hostel
190,Guamal,CO,81.27,overcast clouds,9.1433,-74.2238,HOSTAL VILLA CASTA
191,Presidente Medici,BR,78.17,few clouds,-11.1753,-61.9014,Oliveira Palace Hotel
193,Mastic Beach,US,75.4,clear sky,40.7668,-72.8521,Brushwood House by Smith Point Beach
194,Katsuura,JP,76.55,overcast clouds,35.1333,140.3,Katsuura Hotel Mikazuki
195,Lucea,JM,84.06,overcast clouds,18.451,-78.1736,Grand Palladium Jamaica Resort & Spa
196,Ranong,TH,78.73,light rain,9.9658,98.6348,Numsai Khaosuay Resort Ranong
201,Xuanhua,CN,75.36,clear sky,40.6103,115.0447,Jinjiang Inn Zhangjiakou Xuanhua People's Park
202,Maningrida,AU,75.36,scattered clouds,-12.0667,134.2667,Dhukurrdji Lodge
206,Santa Isabel Do Rio Negro,BR,73.26,overcast clouds,-0.4139,-65.0192,Hotel GSA
208,Port-Gentil,GA,72.39,few clouds,-0.7193,8.7815,Fengshui Residence
210,Alta Floresta,BR,79.57,broken clouds,-9.8756,-56.0861,Floresta Amazonica Hotel
212,Baracoa,CU,79.16,overcast clouds,20.3467,-74.4958,Hostal Rio Miel
213,Mweka,CD,65.89,few clouds,-4.85,21.5667,Guest House Boshab
214,Tocopilla,CL,63.37,overcast clouds,-22.092,-70.1979,Hotel Galvarino
215,San Sebastian,ES,68.65,clear sky,43.3128,-1.975,Hotel de Londres y de Inglaterra
217,Senhor Do Bonfim,BR,66.76,overcast clouds,-10.4614,-40.1894,Hotel Soul
219,Ponta Do Sol,PT,72.12,clear sky,32.6667,-17.1,Hotel do Campo
221,Zonguldak,TR,61.65,overcast clouds,41.25,31.8333,Yazioren Koyu Muhtarligi
223,Muros,ES,70.16,overcast clouds,42.7762,-9.0603,Apartment Av. Castelao
224,Nome,US,73.17,clear sky,64.5011,-165.4064,Dredge 7 Inn
225,Ulaangom,MN,65.41,light rain,49.9811,92.0667,Achit Nuur Hotel & Restaurant
227,Moba,CN,69.13,overcast clouds,33.2288,105.0179,Xinlong Hotel
228,Itaituba,BR,76.01,broken clouds,-4.2761,-55.9836,Hotel Campos
229,Isangel,VU,80.71,broken clouds,-19.55,169.2667,Tanna Lodge
235,Khash,IR,77.86,overcast clouds,28.2211,61.2158,ÿÆŸàÿßÿ®⁄ØÿßŸá ÿ¢ÿ®ÿ¨€å ŸÖÿ≠ÿØÿ´Ÿá
236,Bongaree,AU,65.21,clear sky,-27.0797,153.1586,The Gums Anchorage
237,Jiangyou,CN,84.18,few clouds,31.7667,104.7167,Shangping Shuyuan Inn
238,Havelock,US,84.94,clear sky,34.8791,-76.9013,Sherwood Motel
239,Vila Velha,BR,66.15,scattered clouds,-20.3297,-40.2925,Hotel Vit√≥ria Palace
240,Beira,MZ,62.69,clear sky,-19.8436,34.8389,Beira Terrace Hotel
242,Oistins,BB,82.49,broken clouds,13.0667,-59.5333,Butterfly Beach Hotel
244,Ironton,US,74.82,scattered clouds,38.5368,-82.6829,Best Western River Cities
246,San Quintin,MX,70.68,few clouds,30.4833,-115.95,Don Eddie's Sport Fishing Center
247,San Andres,CO,84.22,broken clouds,12.5847,-81.7006,Hotel Arena Blanca
248,Moa,CU,80.33,overcast clouds,20.6569,-74.9403,Carmen
249,El Pueblito,MX,74.39,scattered clouds,20.5333,-100.45,Capital O Villa Bonita
250,Hambantota,LK,79.14,scattered clouds,6.1241,81.1185,Bungalow 63
251,Katherine,AU,66.52,clear sky,-14.4667,132.2667,Pine Tree Motel
252,Korla,CN,82.78,scattered clouds,41.7597,86.1469,Gulisitan Hotel
254,Sorong,ID,81.46,few clouds,-0.8833,131.25,Waigo Splash Hotel
255,Cidreira,BR,62.26,scattered clouds,-30.1811,-50.2056,Hotel Castelo
257,Castro Alves,BR,64.38,clear sky,-12.7656,-39.4283,Hotel e Restaurante do Poeta
258,Pemba,MZ,71.29,light rain,-12.974,40.5178,Guesthouse Samotina
259,Grand Gaube,MU,66.6,few clouds,-20.0064,57.6608,Veranda Paul et Virginie Hotel & Spa
260,Paka,MY,76.98,light rain,4.6374,103.4368,RUMBIA RESORT VILLA Paka Terengganu
261,Plainview,US,77.47,clear sky,40.7765,-73.4673,Four Points by Sheraton Melville Long Island
262,Kudahuvadhoo,MV,82.29,moderate rain,2.6708,72.8944,Niyama Private Islands Maldives
263,Vila Franca Do Campo,PT,67.19,clear sky,37.7167,-25.4333,Pestana Bahia Praia
264,Mendi,PG,67.46,broken clouds,-6.1761,143.6513,Kiburu Lodge
267,Nisia Floresta,BR,75.58,scattered clouds,-6.0911,-35.2086,Rancho Crepusculo
268,Latur,IN,70.48,overcast clouds,18.4,76.5833,Hotel Shivneri Durvankur Lodge
269,Saint-Philippe,RE,65.79,broken clouds,-21.3585,55.7679,"Chambres d'h√¥te ""La Trinit√©"""
270,Kirakira,SB,84.22,few clouds,-10.4544,161.9205,SanBiz Lodge
271,Beaufort,MY,81.09,broken clouds,5.3473,115.7455,The Gem Hotel Beaufort
272,Fort-Shevchenko,KZ,78.01,clear sky,44.5086,50.263,Oasis hotel Bautino
273,Abatskoye,RU,64.85,broken clouds,56.2875,70.4555,Gostinitsa Abatskaya
276,Charlottesville,US,70.45,overcast clouds,38.0293,-78.4767,Hilton Garden Inn Charlottesville
277,Kathmandu,NP,71.82,broken clouds,27.7167,85.3167,Hotel Shanker Kathmandu
279,Kiunga,PG,79.84,overcast clouds,-6.1219,141.2906,Airport Lodge Kiunga
280,Sozopol,BG,73.74,overcast clouds,42.4167,27.7,Villa List
281,Jorochito,BO,79.0,scattered clouds,-18.05,-63.4333,Tom¬¥s Hauss
282,Ambon,ID,77.14,light rain,-3.6954,128.1814,Swiss-Belhotel Ambon
283,Sulangan,PH,82.89,overcast clouds,11.1373,123.7228,Maia's Beach Resort
285,Warrington,GB,61.52,scattered clouds,53.3925,-2.5802,Villaggio Hotel
286,Bundaberg,AU,64.22,clear sky,-24.85,152.35,Takalvan Motel
287,Lidice,PA,79.7,overcast clouds,8.75,-79.9,unidad 109
288,High Level,CA,71.71,broken clouds,58.5169,-117.136,Days Inn by Wyndham High Level
289,That Phanom,TH,78.82,overcast clouds,16.9364,104.7104,‡∏ì ‡∏ò‡∏≤‡∏ï‡∏∏‡∏û‡∏ô‡∏°‡πÄ‡∏û‡∏•‡∏™ Na That Panom Place Hotel
290,Ca Mau,VN,78.51,overcast clouds,9.1769,105.15,M∆∞·ªùng Thanh Luxury C√† Mau Hotel
291,Cocobeach,GA,74.41,overcast clouds,1.0002,9.5823,Hotel Esperance
292,Teahupoo,PF,78.76,broken clouds,-17.8333,-149.2667,Vanira Lodge
293,Mattru,SL,72.99,moderate rain,7.6244,-11.8332,"Mondkor Town, Bagbo Chiefdom, Bo District"
295,Oranjestad,AW,82.35,scattered clouds,12.524,-70.027,Divi Village Golf & Beach Resort
297,Boa Vista,BR,82.38,broken clouds,2.8197,-60.6733,Aipana Plaza Hotel
298,Erenhot,CN,77.94,clear sky,43.6475,111.9767,Erenhot Rurouni Youth Hostel
299,Ratnagiri,IN,79.56,moderate rain,16.9833,73.3,Hotel Landmark
302,Qianguo,CN,80.56,scattered clouds,45.1171,124.8568,Guo'er Luosi Hotel
303,Ust-Kulom,RU,62.71,overcast clouds,61.6864,53.6902,Ip Napalkov Vasiliy Dmitriyevich
305,Harper,LR,75.99,overcast clouds,4.375,-7.7169,Screensaver
307,Salinopolis,BR,77.07,overcast clouds,-0.6136,-47.3561,Salinas Park Resort Ma√ßarico AP101
310,Haines Junction,CA,67.95,scattered clouds,60.7522,-137.5108,Parkside Inn
311,Colares,PT,80.46,clear sky,38.7992,-9.4469,Arribas Sintra Hotel
312,Hailey,US,84.79,clear sky,43.5196,-114.3153,Wood River Inn & Suites
313,Itarema,BR,78.37,overcast clouds,-2.9248,-39.9167,"Sea Lounge! Bar, Club & Restaurant"
317,Marawi,PH,77.22,overcast clouds,7.9986,124.2928,Derogongan Residence
318,Tautira,PF,76.84,overcast clouds,-17.7333,-149.15,Pension Oaoa
319,Labuhan,ID,77.54,clear sky,-6.8844,112.2051,DoubleFAG
321,Kieta,PG,84.78,scattered clouds,-6.2167,155.6333,Uruna Bay Retreat
324,Kabanjahe,ID,65.95,overcast clouds,3.1001,98.4908,Kos-Kosan wanita muslim bagoes kabanjahe
325,San-Pedro,CI,75.6,overcast clouds,4.7485,-6.6363,Hotel Maria
326,Meulaboh,ID,77.23,heavy intensity rain,4.1363,96.1285,Kost Pria
328,Babayurt,RU,72.9,clear sky,43.6002,46.7789,–¢–µ–ø–ª—ã–π –¥–æ–º
330,Lata,PT,66.33,clear sky,40.1629,-8.3327,Casa Maquia
331,Shimoda,JP,80.96,overcast clouds,34.6667,138.95,Shimoda Tokyu Hotel
333,Laje,BR,66.61,clear sky,-10.1833,-40.9667,NN Pousada
334,Hasaki,JP,84.29,overcast clouds,35.7333,140.8333,Inubosaki Kanko Hotel
335,Marsassoum,SN,80.69,light rain,12.8275,-15.9806,Djinoubor keur Samba ba
338,Tiarei,PF,84.22,broken clouds,-17.5333,-149.3333,Le Rocher de Tahiti
342,Tlanchinol,MX,66.74,few clouds,20.9833,-98.65,Hotel Victoria
348,Omboue,GA,69.53,scattered clouds,-1.5746,9.2618,Hotel Olako
349,Niksar,TR,64.89,overcast clouds,40.5917,36.9517,Nuri Park Hotel
352,Jacareacanga,BR,76.19,overcast clouds,-6.2222,-57.7528,Casa do Ianüòé
353,Pyapon,MM,76.3,overcast clouds,16.2833,95.6833,Aung Naing Thu Motel
354,Jejuri,IN,70.72,overcast clouds,18.2833,74.1667,Hotel Malhargad
356,Bruck An Der Mur,AT,60.15,overcast clouds,47.4036,15.2952,JUFA Hotel im Weitental/Bruck a. d. Mur
359,Nizwa,OM,77.32,moderate rain,22.9333,57.5333,Orient Apartments
360,San Cristobal,VE,75.38,overcast clouds,7.7669,-72.225,Pirineos
364,Banda Aceh,ID,82.04,overcast clouds,5.5577,95.3222,OYO 884 Rumoh PMI Hotel
365,Manta,EC,74.98,broken clouds,-0.95,-80.7333,Balandra Hotel
366,Manzhouli,CN,67.89,clear sky,49.6,117.4333,Angala International Youth Hostel
370,Zaria,NG,71.02,moderate rain,11.1113,7.7227,A.B.U Hotels
371,Samarai,PG,82.67,broken clouds,-10.6167,150.6667,Nuli Sapi
373,Road Town,VG,82.49,scattered clouds,18.4167,-64.6167,"ZINGARA 76ft Catamaran, full crew-all included"
376,Alugan,PH,84.87,scattered clouds,12.2188,125.4808,JM Lodge
380,Faya,SA,64.51,overcast clouds,18.3851,42.4509,ÿßŸÖŸÑÿßŸÉ ÿÆÿßŸÑÿØ ÿßŸÑÿ¥ÿπÿ¥Ÿàÿπ
383,Cabul-An,PH,82.49,broken clouds,10.15,124.05,Pandanon floating cottage
384,Ahipara,NZ,63.19,overcast clouds,-35.1667,173.1667,Ahipara Holiday Park
385,Poso,ID,76.23,light rain,-1.3959,120.7524,Hotel 77 Poso
386,Dingle,PH,81.99,scattered clouds,10.9995,122.6711,SEGAYA PROPERTY
387,Soe,ID,66.15,overcast clouds,-9.8607,124.284,Dena Hotel
391,Salinas,US,79.41,clear sky,36.6777,-121.6555,Laurel Inn & Conference Center
392,Kochetok,UA,67.5,overcast clouds,49.8801,36.7372,"–î–û–õ ""–ü–æ–ª—ë—Ç"""
393,Saint Anthony,US,80.92,broken clouds,45.0205,-93.218,"Holiday Inn Express Roseville-St. Paul, an IHG Hotel"
395,Shellbrook,CA,76.23,clear sky,53.2168,-106.4011,Shellbrook Hotel
396,Iracoubo,GF,76.93,overcast clouds,5.4802,-53.2011,Le G√Æte d‚ÄôIracoubo
397,Ternate,ID,83.28,overcast clouds,0.8,127.4,Sahid Bela Ternate Hotel
398,Iturama,BR,69.67,clear sky,-19.7281,-50.1956,Rep√∫blica DominaCana
401,Birjand,IR,72.07,clear sky,32.8663,59.2211,Birjand Tourist Hotel
404,Orodara,BF,70.2,overcast clouds,10.9492,-4.9342,Bkf Orodara
407,Mpulungu,ZM,64.02,clear sky,-8.7623,31.1141,Chela moche guest house
408,Kismayo,SO,75.02,light rain,-0.3582,42.5454,Agan-Hotel
410,Kapit,MY,79.48,overcast clouds,2.0167,112.9333,Hotel Meligai Kapit
414,Kutum,SD,79.39,overcast clouds,14.2,24.6667,Dibbo areaŸÖŸÜÿ∑ŸÇÿ© ÿØÿ®Ÿà
415,Acapulco,MX,82.51,broken clouds,16.8634,-99.8901,HS Hotsson Smart Acapulco
416,Yinchuan,CN,75.16,clear sky,38.4681,106.2731,JJ Inns - Yinchuan New Moon Square Branch
418,Makakilo City,US,82.72,overcast clouds,21.3469,-158.0858,Marriott's Ko Olina Beach Club
422,Carauari,BR,73.35,moderate rain,-4.8828,-66.8958,Hotel Fellip
424,Fairview,US,77.36,clear sky,40.8126,-73.999,Homewood Suites by Hilton Edgewater-NYC Area
425,Baruun-Urt,MN,67.66,overcast clouds,46.6806,113.2792,–ê—Ö–º–∞–¥—ã–Ω –∞–º—Ä–∞–ª—Ç —Å—É–≤–∏–ª–∞–ª
426,Kununurra,AU,67.98,clear sky,-15.7667,128.7333,Hotel Kununurra
427,Tukrah,LY,78.13,clear sky,32.5341,20.5791,Lagrota restaurant
428,Mamallapuram,IN,82.45,overcast clouds,12.6264,80.1722,Radisson Blu Resort Temple Bay Mamallapuram
429,Camacha,PT,63.82,scattered clouds,33.0833,-16.3333,Hotel Porto Santo & Spa
430,Sampit,ID,79.5,scattered clouds,-2.5333,112.95,Aquarius Boutique Hotel Sampit
431,Acarau,BR,78.4,overcast clouds,-2.8856,-40.12,castelo pizzaria
434,Elizabeth City,US,79.0,scattered clouds,36.2946,-76.2511,Hampton Inn Elizabeth City
438,Najran,SA,84.85,overcast clouds,17.4924,44.1277,ŸÖÿ≠ŸÖÿØ ŸáÿßÿØŸä ÿßŸÑ ŸÅÿ∑Ÿäÿ≠
439,Bada,RU,65.19,few clouds,51.392,109.8717,Kafe Gostinitsa
440,Villa Carlos Paz,AR,74.48,clear sky,-31.4241,-64.4978,Monte Carlo vcp
441,Ugento,IT,69.46,clear sky,39.9263,18.1574,Porta Paradiso
442,Komsomolskiy,UZ,75.92,broken clouds,40.4272,71.7189,Ikathouse
443,Abha,SA,64.22,scattered clouds,18.2164,42.5053,Abha Hotel
446,Olga,RU,75.88,clear sky,43.7444,135.2892,Gostinitsa Rosmorport.
448,Trincomalee,LK,81.5,overcast clouds,8.5711,81.2335,Welcombe Hotel
449,Dongying,CN,81.3,overcast clouds,37.4564,118.4856,Wanda Realm
450,El Dovio,CO,63.9,overcast clouds,4.5079,-76.2362,Juli√°n
451,Pinawa,CA,73.02,scattered clouds,50.1489,-95.8811,Pinawa Motel
452,Sawtell,AU,60.82,clear sky,-30.3833,153.1,The Bungalow Sawtell
453,Kribi,CM,75.29,light rain,2.95,9.9167,Hotel Tara Plage
454,Bandarbeyla,SO,77.76,scattered clouds,9.4942,50.8122,JABIR HOTEL
457,Khandyga,RU,80.13,broken clouds,62.6667,135.6,Apel'sin
458,Abnub,EG,82.6,clear sky,27.2696,31.1511,ÿØŸàÿßÿ± ÿßŸÑ ÿπÿ®ÿØ ÿßŸÑÿ¨ŸàÿßÿØ ÿ¥ÿ±ŸÇ ÿßŸÑÿ®ŸÑÿØ ÿ®ÿßÿ®ŸÜŸàÿ®
461,Nantucket,US,69.91,overcast clouds,41.2835,-70.0995,Jared Coffin House
463,Sabha,LY,83.97,clear sky,27.0377,14.4283,ŸÖÿ≠ÿ∑ÿ© ÿßŸÖ ÿßŸÑÿßÿ±ÿßŸÜÿ® -ÿ≥ÿ®Ÿáÿß ŸÖŸàÿßÿµŸÑÿßÿ™
464,Shenjiamen,CN,80.8,broken clouds,29.9576,122.298,Jinjiang Inn Zhoushan Putuo Shenjiamen
467,Castro Daire,PT,70.72,clear sky,40.8984,-7.9338,Alvores do Tempo - Quinta de Turismo Rural
468,Turayf,SA,73.65,clear sky,31.6725,38.6637,Turaif
469,Caraballeda,VE,77.86,few clouds,10.6112,-66.8522,Hotel 15 Letras
471,Kavaratti,IN,81.09,overcast clouds,10.5669,72.642,Hotels in Lakshadweep Islands
472,Linxi,CN,68.41,overcast clouds,39.7,118.4333,Peace Hotel
474,Kiama,AU,61.0,light rain,-34.6833,150.8667,The Sebel Kiama Harbourside
478,Pacifica,US,78.71,broken clouds,37.6138,-122.4869,"Pacifica Lighthouse, Trademark Collection by Wyndham"
480,Barcelona,ES,78.87,clear sky,41.3888,2.159,Axel Hotel Barcelona
481,Nouadhibou,MR,67.98,broken clouds,20.931,-17.0347,El Medina
483,Iquitos,PE,75.24,broken clouds,-3.7481,-73.2472,Cortez Malaga Techy Caroly
485,Sibu,MY,75.51,few clouds,2.3,111.8167,RH HOTEL (4 Star)
488,Oriximina,BR,79.7,overcast clouds,-1.7656,-55.8661,Pousada Tia Am√©lia
489,Youghal,IE,63.61,clear sky,51.95,-7.8506,Walter Raleigh Hotel
491,Chifeng,CN,81.3,broken clouds,42.2683,118.9636,Junyu Tiancheng Hotel
492,Chietla,MX,76.32,overcast clouds,18.5167,-98.5833,Hotel San Francisco
495,Turbat,PK,82.99,light rain,26.0023,63.044,Mubashar Quarters
496,Yabrud,SY,64.94,clear sky,33.9674,36.6574,ÿµÿßŸÑÿ© ÿßŸÅÿ±ÿßÿ≠ ÿßŸÑÿßŸÜÿØŸÑÿ≥
497,Pemangkat,ID,80.53,few clouds,1.1667,108.9667,Ramah Kost KITA
499,Ciudad Bolivar,VE,77.79,overcast clouds,8.1222,-63.5497,Hotel Edi
501,Tura,IN,78.78,few clouds,25.5198,90.2201,Hotel RIKMAN Continental
502,Immenstadt,DE,60.62,broken clouds,47.561,10.2199,Panorama-Hotel Rothenfels
503,Lloydminster,CA,73.62,scattered clouds,53.2835,-110.0016,BCMInns - Lloydminster
505,Nanakuli,US,84.15,overcast clouds,21.3906,-158.1547,Camp PƒÅlehua
508,Cruzeiro Do Sul,BR,68.52,broken clouds,-29.5128,-51.9853,Estrela Palace Hotel
509,Pathein,MM,78.3,overcast clouds,16.7833,94.7333,Pathein Hotel
510,Balkhash,KZ,68.43,clear sky,46.844,74.9804,Family
511,Idrinskoye,RU,65.55,scattered clouds,54.3708,92.1358,Domashniy Khostel
513,Sinnamary,GF,77.68,overcast clouds,5.3833,-52.95,ALETHEIA Appartement Sinnamary
514,Manggar,ID,83.41,broken clouds,-2.8833,108.2667,Guest Hotel
515,Gat,IL,75.4,clear sky,31.61,34.7642,OlusHome
516,Mayo,US,72.01,overcast clouds,38.8876,-76.5119,Resorts Resource Group International
518,Moyale,KE,62.4,broken clouds,3.5167,39.0584,La Tahzan Guest House
520,Los Algarrobos,PA,73.81,broken clouds,8.5,-82.4333,Waterfall Hostel
521,Marsa Matruh,EG,76.71,clear sky,31.3525,27.2453,Beau Site
522,Mamit,IN,71.46,scattered clouds,23.9333,92.4833,R Lalvuani Building
523,Praia Da Vitoria,PT,67.75,light rain,38.7333,-27.0667,Hotel Branco I
524,Sao Jose Da Coroa Grande,BR,74.89,clear sky,-8.8978,-35.1478,Cr√¥a Mares Hotel
525,Manaus,BR,82.89,clear sky,-3.1019,-60.025,Manaus Hot√©is Millennium
526,Goderich,CA,64.72,clear sky,43.7501,-81.7165,Harmony Inn
527,Tuni,IN,76.68,overcast clouds,17.35,82.55,Sai Krishna Lodge
528,Zumpahuacan,MX,64.51,moderate rain,18.9,-99.55,El Carmen
529,Tlaltenango,MX,62.96,broken clouds,19.1667,-98.3333,CASA VALENCIA
531,Pergamino,AR,60.19,clear sky,-33.89,-60.5736,Hotel Fachinat
535,San Carlos Del Zulia,VE,78.17,overcast clouds,9.0,-71.9135,Hotel El Manantial
537,Minas,UY,62.65,clear sky,-34.3759,-55.2377,Hotel Minas
538,Geraldton,AU,63.01,overcast clouds,-28.7667,114.6,Broadwater Mariner Resort
539,Fereydun Kenar,IR,75.79,clear sky,36.6864,52.5225,Khezer Shahr Tourist Hotel
540,Kahului,US,82.98,broken clouds,20.8947,-156.47,Maui Seaside Hotel
542,Miragoane,HT,82.81,overcast clouds,18.4423,-73.0876,Wj hotel
543,Waingapu,ID,81.05,overcast clouds,-9.6567,120.2641,Pondok Wisata Elim
544,Moses Lake,US,82.89,clear sky,47.1301,-119.2781,Ramada by Wyndham Moses Lake
547,Gleisdorf,AT,64.08,overcast clouds,47.1061,15.7127,Hotel Ambio
548,Sachin,IN,82.29,overcast clouds,21.0833,72.8833,Hotel Ashish
549,Wasilla,US,70.74,overcast clouds,61.5814,-149.4394,Alaska's Select Inn Wasilla
550,Banjarmasin,ID,80.74,overcast clouds,-3.3244,114.591,Swiss-Belhotel Borneo Banjarmasin
552,Drayton Valley,CA,62.01,overcast clouds,53.2168,-114.9854,Service Plus Inns & Suites (Drayton Valley Hotel)
553,Muli,MV,81.86,overcast clouds,2.9167,73.5667,Medhufushi Island Resort
554,Mollendo,PE,60.6,broken clouds,-17.0231,-72.0147,Hostal La Casa de Melgar
555,Kalmunai,LK,83.7,overcast clouds,7.4167,81.8167,VS Villa
556,Hastings,GB,60.78,clear sky,50.8552,0.5729,Zanzibar Hotel
558,Denpasar,ID,80.26,scattered clouds,-8.65,115.2167,OYO 3156 Hotel Warta 2
563,Coahuayana,MX,82.62,overcast clouds,18.7333,-103.6833,El rranchito michuacan de ocampos
565,Alnashi,RU,63.99,overcast clouds,56.1874,52.4792,"Motel' ""Voyazh"""
567,Bat Yam,IL,76.15,scattered clouds,32.0231,34.7503,Ruth Daniel Residence Hotel
569,Watertown,US,68.7,clear sky,42.3709,-71.1828,16 Washburn Street Watertown MA
570,Charters Towers,AU,61.54,clear sky,-20.1,146.2667,Cattleman's Rest Motor Inn
571,Biltine,TD,84.29,scattered clouds,14.5333,20.9167,H√¥tel Trois √âtoiles de Biltine
572,La Victoria,VE,71.08,broken clouds,10.2184,-67.3302,Hotel Hacienda El Recreo
573,Gewane,ET,78.37,overcast clouds,10.1664,40.6453,·ä•·äï·ã∞·åà·äì ·åà·ãã·äî ·àû·â¥·àç
577,Mangrol,IN,82.24,overcast clouds,21.1167,70.1167,Hotel The Royal Honours
580,Southbridge,US,68.97,broken clouds,42.0751,-72.0334,Southbridge Hotel & Conference Center
586,Coolum Beach,AU,62.33,light rain,-26.5333,153.1,Coolum Beach Resort
588,College,US,74.21,light rain,64.8569,-147.8028,Pike's Waterfront Lodge
590,Jasper,US,82.89,few clouds,37.2001,-94.3502,Guest House Motel
591,Lewistown,US,76.41,broken clouds,40.5992,-77.5714,Quality Inn & Suites
592,Diamantino,BR,75.09,overcast clouds,-14.4086,-56.4461,Hotel Delta
593,Ponta Delgada,PT,67.5,broken clouds,37.7333,-25.6667,Vila Nova Hotel
595,Ust-Tsilma,RU,60.12,overcast clouds,65.441,52.1498,U Praskov'i
596,The Pas,CA,82.42,broken clouds,53.8251,-101.2541,Wescana Inn
597,Zhangye,CN,81.39,overcast clouds,38.9342,100.4517,Zhangye Lvzhou Holiday Inn
598,Kansk,RU,64.62,overcast clouds,56.2017,95.7175,–•–æ—Å—Ç–µ–ª –≤ –ö–∞–Ω—Å–∫–µ
599,Fort Nelson,CA,63.99,light intensity shower rain,58.8053,-122.7002,The Fort Nelson Hotel
600,Bani Walid,LY,70.66,clear sky,31.7566,13.9942,ŸÖŸÜÿ≤ŸÑ ŸÖŸÅÿ™ÿßÿ≠ ŸÖÿ≠ŸÖÿØ ÿßŸÑÿ≤ŸÑÿ®Ÿä
602,Kaduqli,SD,74.1,overcast clouds,11.0167,29.7167,Nussyba
604,La Raya De Santa Maria,PA,76.64,overcast clouds,8.1667,-80.8167,Polic√≠a nacional La Raya Santa Maria
606,Meadow Lake,US,73.96,light rain,34.8014,-106.5436,TumbleWeed RV Park
607,Hirara,JP,84.81,broken clouds,24.8,125.2833,Hotel Atoll Emerald Miyakojima
609,Ahuimanu,US,82.85,scattered clouds,21.4447,-157.8378,Paradise Bay Resort
610,Lichuan,CN,75.88,few clouds,30.3,108.85,Yuanlai Homestay
611,Sambava,MG,68.92,light rain,-14.2667,50.1667,Melrose
612,Presidencia Roque Saenz Pena,AR,74.1,overcast clouds,-26.7852,-60.4388,Hotel Gualok
614,Daska,PK,79.05,overcast clouds,32.3243,74.3497,Royal Dream Fort
615,Kulhudhuffushi,MV,80.89,overcast clouds,6.6221,73.07,Haajy Guest House 1
618,Pijijiapan,MX,79.86,clear sky,15.7011,-93.23,Hotel Rosita
620,Broome,US,63.37,clear sky,42.2506,-75.833,Chenango Valley State Park
621,Luanda,AO,69.8,broken clouds,-8.8368,13.2343,EPIC SANA Luanda
623,Vung Tau,VN,77.58,light rain,10.346,107.0843,Seaside Resort
626,Sivas,TR,61.11,clear sky,39.7916,37.0019,Sivas Sultan Otel
627,Madison,US,76.5,scattered clouds,34.7334,-86.5667,Embassy Suites by Hilton Huntsville
628,Tsimlyansk,RU,71.1,clear sky,47.6461,42.1019,Baza Otdykha Chaika
629,Peniche,PT,70.29,clear sky,39.3558,-9.3811,Hotel Star inn Peniche
630,Kalaleh,IR,73.08,clear sky,37.3807,55.4916,⁄©ŸÑÿßŸÑŸá
633,Birobidzhan,RU,71.38,overcast clouds,48.8,132.95,Hotel Central (Vostok)
636,Morales,CO,60.46,overcast clouds,2.757,-76.6172,Finca Santa Catalina
637,Atyrau,KZ,68.02,clear sky,47.1167,51.8833,River Palace Hotel
638,Celestun,MX,79.68,overcast clouds,20.8667,-90.4,Posada Lilia
639,Cabedelo,BR,75.76,scattered clouds,-6.9811,-34.8339,Pousada Camboinha
642,Ankpa,NG,70.47,overcast clouds,7.3706,7.6253,AA Suites
645,Tutoia,BR,77.09,scattered clouds,-2.7619,-42.2744,Pousada Guar√°'s
646,Kaputa,ZM,62.35,clear sky,-8.4689,29.6619,Chelelwa Charlets
647,Ureki,GE,69.76,clear sky,41.9956,41.7786,Hotel Ritsa
649,Phan Thiet,VN,76.91,moderate rain,10.9333,108.1,Hotel Saigon-PT
651,Gombe,NG,75.04,overcast clouds,10.2897,11.1673,Custodian Hotel Gombe
652,Itaueira,BR,71.51,clear sky,-7.6033,-43.0256,Pousada e Restaurante Cheiro e Sabor
655,Tavatuy,RU,64.24,broken clouds,57.0703,60.1336,Usad'ba Viktora
656,Hoi An,VN,80.56,light rain,15.8794,108.335,Belle Maison Hadana Hoi An managed by H&K Hospitality
659,Ormara,PK,82.98,overcast clouds,25.2088,64.6357,Kenara Colony House for Rent
660,Trairi,BR,77.95,overcast clouds,-3.2778,-39.2689,janelas do mar
663,Suruc,TR,76.21,clear sky,36.9761,38.425,PEHLƒ∞VANKESMESƒ∞ K√ñY√ú
664,Mao,ES,70.36,clear sky,39.8885,4.2658,ARTIEM Capri
665,Khandbari,NP,75.42,scattered clouds,27.3747,87.2039,Sainik Hotel And Lodge
666,Manali,IN,82.49,overcast clouds,13.1667,80.2667,Sarathy Lodge
667,Techiman,GH,69.3,light rain,7.5862,-1.9414,KONTINENTAL LODGE
668,Macklin,CA,73.22,clear sky,52.3334,-109.9348,Macklin Motor Inn
670,Port Hedland,AU,64.45,clear sky,-20.3167,118.5667,The Esplanade Hotel
673,Nadym,RU,64.33,few clouds,65.5333,72.5167,Apartment on Zvereva
675,Prainha,BR,74.95,clear sky,-1.8,-53.48,Casa Rocha
680,Ponnani,IN,74.52,overcast clouds,10.767,75.9252,Rouba Residency
681,Mabaruma,GY,74.55,overcast clouds,8.2,-59.7833,Monty Brooms Guest House
683,Shaunavon,CA,75.94,overcast clouds,49.6501,-108.4181,Bear's Den Lodge
685,Loralai,PK,77.34,overcast clouds,30.3705,68.598,Saddam Hotel & Resturant
686,Porto Walter,BR,77.36,overcast clouds,-8.2686,-72.7439,Hotel Silva
688,Aswan,EG,83.59,overcast clouds,24.0934,32.907,Nuba Nile
689,Anaco,VE,74.3,scattered clouds,9.4389,-64.4728,SAIVEN MALL (SAIVEN C.A.)
