City_ID,City,Country,Lat,Lng,Max Temp,Humidity,Cloudiness,Wind Speed,Current Description
0,Chara,RU,56.9064,118.2631,52.56,97,100,1.7,moderate rain
1,Kovrov,RU,56.3572,41.3192,59.11,97,100,3.58,overcast clouds
2,Rikitea,PF,-23.1203,-134.9692,73.67,80,16,12.06,moderate rain
3,Busselton,AU,-33.65,115.3333,56.57,63,87,14.61,overcast clouds
4,Albany,US,42.6001,-73.9662,72.25,62,4,4.5,clear sky
5,Bredasdorp,ZA,-34.5322,20.0403,49.89,83,0,5.1,clear sky
6,Ushuaia,AR,-54.8,-68.3,28.06,80,40,18.41,scattered clouds
7,Avera,US,33.194,-82.5271,78.85,74,89,7.7,overcast clouds
8,Pueblo Nuevo,MX,23.3833,-105.3833,67.23,84,75,4.68,broken clouds
9,Panjab,AF,34.388,67.0233,56.62,34,0,4.63,clear sky
10,Tarrafal,CV,15.2833,-23.7667,75.99,86,31,11.74,scattered clouds
11,Talcahuano,CL,-36.7167,-73.1167,49.68,81,100,5.75,overcast clouds
12,Port Alfred,ZA,-33.5906,26.891,63.18,70,3,10.0,clear sky
13,Cabo San Lucas,MX,22.8909,-109.9124,96.62,64,85,10.87,overcast clouds
14,Kruisfontein,ZA,-34.0033,24.7314,58.89,85,50,7.67,scattered clouds
15,Paamiut,GL,61.994,-49.6678,39.99,95,29,15.5,scattered clouds
16,Hermanus,ZA,-34.4187,19.2345,47.8,82,26,7.94,scattered clouds
17,Bengkulu,ID,-3.8004,102.2655,77.23,80,100,3.58,overcast clouds
18,Butaritari,KI,3.0707,172.7902,81.9,78,37,12.21,scattered clouds
19,Avarua,CK,-21.2078,-159.775,77.05,53,63,10.36,broken clouds
20,Castro,BR,-24.7911,-50.0119,54.95,83,19,3.83,few clouds
21,Barrow,US,71.2906,-156.7887,57.22,67,0,11.5,clear sky
22,Upernavik,GL,72.7868,-56.1549,39.6,86,15,5.88,few clouds
23,Kodiak,US,57.79,-152.4072,56.71,82,100,10.36,overcast clouds
24,Mar Del Plata,AR,-38.0023,-57.5575,55.09,94,100,10.0,mist
25,Port Hardy,CA,50.6996,-127.4199,59.18,88,100,3.44,overcast clouds
26,Vaini,TO,-21.2,-175.2,77.16,73,20,11.5,few clouds
27,Qaanaaq,GL,77.484,-69.3632,42.71,79,9,2.35,clear sky
28,Sakakah,SA,29.9697,40.2064,80.17,20,0,8.79,clear sky
29,Lumby,CA,50.2498,-118.969,81.36,48,91,1.14,overcast clouds
30,Russell,US,32.3502,-85.1999,78.4,94,0,0.0,clear sky
31,Jamestown,US,42.097,-79.2353,71.19,55,0,9.22,clear sky
32,Mitsamiouli,KM,-11.3847,43.2844,75.88,67,0,12.28,clear sky
33,Saint George,US,37.1041,-113.5841,106.63,10,0,17.27,clear sky
34,Kunya,NG,12.2233,8.5325,75.99,80,100,18.23,light rain
35,Moose Factory,CA,51.2585,-80.6094,69.8,60,0,5.75,clear sky
36,Bismarck,US,46.8083,-100.7837,88.65,65,0,8.05,clear sky
37,Port Elizabeth,ZA,-33.918,25.5701,61.32,79,0,24.16,clear sky
38,Tuktoyaktuk,CA,69.4541,-133.0374,50.0,93,100,6.91,mist
39,Bantou,CN,26.2151,117.4893,89.51,64,44,2.08,scattered clouds
40,Kemi,FI,65.8596,24.8228,56.97,88,100,5.75,overcast clouds
41,Mataura,NZ,-46.1927,168.8643,43.48,66,8,1.48,clear sky
42,New Norfolk,AU,-42.7826,147.0587,50.92,75,5,2.93,clear sky
43,Nikolskoye,RU,59.7035,30.7861,59.81,97,80,2.86,broken clouds
44,Georgetown,MY,5.4112,100.3354,83.89,85,20,3.44,few clouds
45,Palmer,US,42.1584,-72.3287,76.6,59,20,8.05,few clouds
46,East London,ZA,-33.0153,27.9116,72.84,34,0,11.97,clear sky
47,Port Blair,IN,11.6667,92.75,77.04,94,100,21.63,thunderstorm with light rain
48,Kavieng,PG,-2.5744,150.7967,84.52,64,50,12.1,scattered clouds
49,Carahue,CL,-38.7,-73.1667,43.86,97,100,2.86,light rain
50,Tiksi,RU,71.6872,128.8694,56.28,51,100,8.19,overcast clouds
51,Arraial Do Cabo,BR,-22.9661,-42.0278,70.88,86,0,19.66,clear sky
52,La Ronge,CA,55.1001,-105.2842,79.05,31,40,10.36,scattered clouds
53,Neiafu,TO,-18.65,-173.9833,81.28,74,75,13.8,broken clouds
54,Severo-Kurilsk,RU,50.6789,156.125,59.94,81,100,12.39,overcast clouds
55,Neath,GB,51.6632,-3.8044,63.23,76,0,1.99,clear sky
56,Vila,PT,42.0304,-8.1588,62.71,70,5,3.76,clear sky
57,Ampanihy,MG,-24.7,44.75,58.03,69,0,6.51,clear sky
58,Quatre Cocos,MU,-20.2078,57.7625,66.31,66,33,20.2,scattered clouds
59,Patharia,IN,23.9,79.2,84.61,70,100,5.7,overcast clouds
60,Passagem Franca,BR,-6.1797,-43.7836,74.16,45,10,4.83,clear sky
61,Chuy,UY,-33.6971,-53.4616,61.25,93,75,15.93,broken clouds
62,Airai,TL,-8.9266,125.4092,64.35,75,70,4.16,broken clouds
63,Punta Arenas,CL,-53.15,-70.9167,28.51,69,20,11.5,few clouds
64,Santa Rosa,PH,14.3122,121.1114,87.12,77,61,5.61,broken clouds
65,Honiara,SB,-9.4333,159.95,87.37,60,13,6.69,few clouds
66,Norman Wells,CA,65.282,-126.8329,82.44,39,75,14.97,smoke
67,Manokwari,ID,-0.8667,134.0833,81.79,71,100,2.89,overcast clouds
68,Natal,BR,-5.795,-35.2094,75.42,100,75,9.22,broken clouds
69,Mega,ET,4.05,38.3,54.9,87,92,15.73,overcast clouds
70,Mandan,US,46.8267,-100.8896,88.38,66,0,8.05,clear sky
71,Saldanha,ZA,-33.0117,17.9442,55.45,94,100,12.95,moderate rain
72,Carutapera,BR,-1.195,-46.02,74.55,94,100,4.56,overcast clouds
73,Lompoc,US,34.6391,-120.4579,79.7,73,0,23.0,clear sky
74,Atuona,PF,-9.8,-139.0333,77.79,75,7,18.43,clear sky
75,Sangar,RU,63.9242,127.4739,59.49,77,100,2.95,overcast clouds
76,Los Llanos De Aridane,ES,28.6585,-17.9182,67.75,88,0,19.57,clear sky
77,Larreynaga,NI,12.6769,-86.5719,80.02,73,58,4.07,broken clouds
78,Tuatapere,NZ,-46.1333,167.6833,44.46,64,7,3.51,clear sky
79,Cape Town,ZA,-33.9258,18.4232,58.37,86,75,8.05,light rain
80,Ravar,IR,31.2656,56.8055,82.89,13,7,3.06,clear sky
81,Olafsvik,IS,64.8945,-23.7142,51.19,91,100,16.17,overcast clouds
82,Ancud,CL,-41.8697,-73.8203,45.23,87,100,11.81,light rain
83,Hobart,AU,-42.8794,147.3294,51.26,80,75,4.61,broken clouds
84,Tasiilaq,GL,65.6145,-37.6368,42.96,74,100,1.59,overcast clouds
85,Arman,RU,59.7,150.1667,86.02,76,34,5.97,scattered clouds
86,Imbituba,BR,-28.24,-48.6703,62.1,99,13,8.99,few clouds
87,Fairbanks,US,64.8378,-147.7164,74.23,63,40,10.36,light rain
88,Bathsheba,BB,13.2167,-59.5167,83.01,90,75,21.85,broken clouds
89,Bluff,NZ,-46.6,168.3333,43.81,68,55,4.29,broken clouds
90,Nanortalik,GL,60.1432,-45.2371,41.54,94,54,8.48,broken clouds
91,Salalah,OM,17.0151,54.0924,77.09,100,100,9.22,light intensity drizzle
92,Talnakh,RU,69.4865,88.3972,45.21,73,49,16.35,scattered clouds
93,Ulaanbaatar,MN,47.9077,106.8832,57.33,72,0,2.24,clear sky
94,Te Anau,NZ,-45.4167,167.7167,40.82,73,38,2.89,scattered clouds
95,Provideniya,RU,64.3833,-173.3,49.77,89,100,11.36,overcast clouds
96,Rocha,UY,-34.4833,-54.3333,62.24,94,99,15.35,moderate rain
97,Namibe,AO,-15.1961,12.1522,62.37,83,0,2.57,clear sky
98,Kapaa,US,22.0752,-159.319,84.52,71,0,16.11,clear sky
99,Veriora,EE,58.0079,27.3551,54.37,85,80,4.92,broken clouds
100,Saint-Pierre,RE,-21.3393,55.4781,68.92,68,0,13.8,clear sky
101,Skjervoy,NO,70.0311,20.9714,50.0,85,17,1.1,few clouds
102,Anyang,CN,36.0994,114.3289,79.27,69,81,16.44,broken clouds
103,Cockburn Town,TC,21.4612,-71.1419,81.77,83,100,20.58,overcast clouds
104,Sola,VU,-13.8833,167.55,83.07,89,75,2.3,light intensity drizzle
105,Faanui,PF,-16.4833,-151.75,78.12,72,82,18.88,broken clouds
106,Gaziantep,TR,37.0594,37.3825,71.53,60,0,11.5,clear sky
107,Ambilobe,MG,-13.2,49.05,67.35,69,18,6.91,few clouds
108,Lagoa,PT,39.05,-27.9833,67.53,71,98,9.19,overcast clouds
109,Burgeo,CA,47.6167,-57.6152,52.23,87,0,13.02,clear sky
110,Souillac,MU,-20.5167,57.5167,66.58,82,40,10.36,light rain
111,Lorengau,PG,-2.0226,147.2712,84.47,70,82,12.59,broken clouds
112,Aklavik,CA,68.2191,-135.0107,67.23,50,18,15.14,few clouds
113,Asau,RO,46.4333,26.4,64.96,80,94,3.58,overcast clouds
114,Cerrito,CO,6.8432,-72.694,52.84,91,100,6.71,overcast clouds
115,Tessalit,ML,20.1986,1.0114,91.15,10,79,8.03,broken clouds
116,Ayr,GB,55.4627,-4.6339,58.98,94,75,9.22,broken clouds
117,Khatanga,RU,71.9667,102.5,48.2,87,100,3.27,overcast clouds
118,Monrovia,LR,6.3005,-10.7969,76.1,86,100,10.83,light rain
119,Puerto Ayora,EC,-0.7393,-90.3518,71.55,91,98,5.99,overcast clouds
120,Comodoro Rivadavia,AR,-45.8667,-67.5,48.06,71,75,11.5,light rain
121,Lavrentiya,RU,65.5833,-171.0,51.53,79,100,10.89,overcast clouds
122,Hithadhoo,MV,-0.6,73.0833,83.25,75,100,6.62,light rain
123,Funadhoo,MV,6.15,73.2667,81.5,78,87,16.06,heavy intensity rain
124,Ribeira Grande,PT,38.5167,-28.7,68.14,77,98,10.56,overcast clouds
125,Victoria,HK,22.2855,114.1577,89.26,77,49,8.99,scattered clouds
126,Bambous Virieux,MU,-20.3428,57.7575,66.45,82,40,10.36,light rain
127,Lakatoro,VU,-16.0999,167.4164,82.27,70,56,14.99,broken clouds
128,Vao,NC,-22.6667,167.4833,76.5,74,89,20.07,overcast clouds
129,Carnarvon,AU,-24.8667,113.6333,66.72,82,100,19.37,overcast clouds
130,Esperance,AU,-33.8667,121.9,57.94,67,6,22.75,clear sky
131,Quelimane,MZ,-17.8786,36.8883,63.21,88,1,1.45,clear sky
132,Tokmak,UA,47.2514,35.7058,65.91,59,86,6.64,overcast clouds
133,Ilulissat,GL,69.2167,-51.1,50.02,71,98,6.91,overcast clouds
134,Verkhnevilyuysk,RU,63.4453,120.3167,59.63,96,100,2.33,light rain
135,Coihaique,CL,-45.5752,-72.0662,33.75,100,100,0.0,fog
136,Bonavista,CA,48.6499,-53.1147,55.26,82,89,13.44,overcast clouds
137,Nador,MA,35.174,-2.9287,73.65,83,0,0.0,clear sky
138,Yellowknife,CA,62.456,-114.3525,73.92,53,75,4.61,smoke
139,Hassleholm,SE,56.1591,13.7664,54.25,96,36,5.48,scattered clouds
140,Fortuna,US,40.5982,-124.1573,70.93,72,20,5.99,few clouds
141,Giaginskaya,RU,44.8621,40.0719,65.17,90,7,2.42,clear sky
142,Chegdomyn,RU,51.1167,133.0167,72.79,79,99,6.96,moderate rain
143,Kjollefjord,NO,70.9457,27.3465,51.85,93,92,2.3,overcast clouds
144,Pangkalanbuun,ID,-2.6833,111.6167,80.98,76,26,4.05,scattered clouds
145,Narsaq,GL,60.9167,-46.05,52.02,93,30,2.08,scattered clouds
146,Medyn,RU,54.9692,35.8586,58.95,99,100,4.27,light rain
147,Noyabrsk,RU,63.1994,75.4507,62.96,65,7,5.79,clear sky
148,Mogadishu,SO,2.0371,45.3438,75.6,81,100,21.21,overcast clouds
149,Santa Cruz De La Palma,ES,28.6835,-17.7642,71.74,88,0,19.57,clear sky
150,Pogar,RU,52.554,33.2591,58.6,96,100,5.66,overcast clouds
151,Hilo,US,19.7297,-155.09,90.28,76,75,11.5,broken clouds
152,Clyde River,CA,70.4692,-68.5914,43.03,75,100,6.91,overcast clouds
153,Guerrero Negro,MX,27.9769,-114.0611,72.28,69,15,19.69,few clouds
154,Merrill,US,45.1805,-89.6835,80.37,53,0,4.61,clear sky
155,Bolobo,CD,-2.1667,16.2333,73.47,49,43,0.58,scattered clouds
156,Villa Union,MX,23.2,-106.2333,87.03,81,20,9.06,few clouds
157,Caravelas,BR,-17.7125,-39.2481,70.32,84,1,6.4,clear sky
158,Thompson,CA,55.7435,-97.8558,71.76,83,75,3.44,broken clouds
159,Pacific Grove,US,36.6177,-121.9166,74.01,78,0,10.36,clear sky
160,Constitucion,CL,-35.3333,-72.4167,51.33,85,100,9.73,light rain
161,Tual,ID,-5.6667,132.75,79.34,85,23,23.35,few clouds
162,Mahebourg,MU,-20.4081,57.7,66.49,82,40,10.36,scattered clouds
163,Iqaluit,CA,63.7506,-68.5145,40.73,80,20,8.05,few clouds
164,Puerto Escondido,MX,15.85,-97.0667,82.13,85,73,4.94,broken clouds
165,Pevek,RU,69.7008,170.3133,32.2,97,100,17.38,snow
166,Zhigansk,RU,66.7697,123.3711,58.32,60,92,4.65,overcast clouds
167,Dikson,RU,73.5069,80.5464,33.01,91,98,7.23,overcast clouds
168,Beloha,MG,-25.1667,45.05,58.06,70,0,7.29,clear sky
169,Kamaishi,JP,39.2667,141.8833,78.64,73,100,4.41,light rain
170,Walvis Bay,NA,-22.9575,14.5053,53.1,93,0,4.61,clear sky
171,Havre-Saint-Pierre,CA,50.2334,-63.5986,61.16,63,100,12.66,overcast clouds
172,Pisco,PE,-13.7,-76.2167,61.02,88,0,12.66,clear sky
173,Sainte-Thecle,CA,46.8168,-72.4991,68.05,62,6,2.8,clear sky
174,Baghdad,IQ,33.3406,44.4009,93.34,18,3,15.99,clear sky
175,Dukat,RU,62.55,155.55,65.8,49,37,2.62,scattered clouds
176,Albina,SR,5.5,-54.05,72.45,97,100,1.97,overcast clouds
177,Sorland,NO,67.667,12.6934,51.66,83,0,5.93,clear sky
178,Deputatskiy,RU,69.3,139.9,55.92,52,67,6.24,broken clouds
179,Ardakan,IR,32.31,54.0175,84.92,13,2,10.6,clear sky
180,Biak,ID,-0.9131,122.8766,78.31,85,92,5.12,overcast clouds
181,Nkhotakota,MW,-12.9274,34.2961,63.43,70,1,4.41,clear sky
182,Xining,CN,36.6167,101.7667,68.31,62,13,3.0,few clouds
183,Mount Isa,AU,-20.7333,139.5,58.77,36,0,11.5,clear sky
184,Surt,LY,31.2089,16.5887,78.26,62,0,9.46,clear sky
185,Beyneu,KZ,45.3167,55.2,77.99,28,0,4.81,clear sky
186,Kaitangata,NZ,-46.2817,169.8464,44.65,65,8,4.47,clear sky
187,Sao Filipe,CV,14.8961,-24.4956,74.01,84,39,8.68,scattered clouds
188,Bethel,US,41.3712,-73.414,78.89,52,0,9.22,clear sky
189,Nanning,CN,22.8167,108.3167,81.05,80,6,5.48,clear sky
190,Guamal,CO,9.1433,-74.2238,81.27,79,93,3.49,overcast clouds
191,Presidente Medici,BR,-11.1753,-61.9014,78.17,52,11,2.8,few clouds
192,Waitati,NZ,-45.75,170.5667,49.8,46,7,2.19,clear sky
193,Mastic Beach,US,40.7668,-72.8521,75.4,77,0,3.44,clear sky
194,Katsuura,JP,35.1333,140.3,76.55,87,100,11.18,overcast clouds
195,Lucea,JM,18.451,-78.1736,84.06,74,100,10.13,overcast clouds
196,Ranong,TH,9.9658,98.6348,78.73,87,100,15.48,light rain
197,Mildura,AU,-34.2,142.15,50.07,89,0,6.02,clear sky
198,Evensk,RU,61.95,159.2333,68.09,52,8,6.11,clear sky
199,Okmulgee,US,35.6234,-95.9605,93.31,43,0,9.22,clear sky
200,Aksarka,RU,66.5606,67.7975,62.71,60,94,11.12,overcast clouds
201,Xuanhua,CN,40.6103,115.0447,75.36,55,10,5.19,clear sky
202,Maningrida,AU,-12.0667,134.2667,75.36,46,25,13.47,scattered clouds
203,Klaksvik,FO,62.2266,-6.589,52.72,97,100,5.86,light rain
204,Maniitsoq,GL,65.4167,-52.9,39.94,91,100,6.93,overcast clouds
205,Ukiah,US,39.1502,-123.2078,88.43,41,0,11.5,clear sky
206,Santa Isabel Do Rio Negro,BR,-0.4139,-65.0192,73.26,99,100,2.19,overcast clouds
207,San Luis,AR,-33.295,-66.3356,57.42,33,3,7.38,clear sky
208,Port-Gentil,GA,-0.7193,8.7815,72.39,80,23,14.0,few clouds
209,Ati,TD,13.2154,18.3353,84.52,50,16,11.88,few clouds
210,Alta Floresta,BR,-9.8756,-56.0861,79.57,45,82,2.77,broken clouds
211,San Patricio,US,28.017,-97.5169,94.53,57,96,15.21,overcast clouds
212,Baracoa,CU,20.3467,-74.4958,79.16,85,100,2.28,overcast clouds
213,Mweka,CD,-4.85,21.5667,65.89,48,13,1.66,few clouds
214,Tocopilla,CL,-22.092,-70.1979,63.37,71,100,4.85,overcast clouds
215,San Sebastian,ES,43.3128,-1.975,68.65,84,0,4.61,clear sky
216,Laguna,US,38.421,-121.4238,97.32,32,0,9.22,clear sky
217,Senhor Do Bonfim,BR,-10.4614,-40.1894,66.76,86,97,10.13,overcast clouds
218,Tiznit,MA,29.5833,-9.5,88.66,19,14,3.06,few clouds
219,Ponta Do Sol,PT,32.6667,-17.1,72.12,51,2,2.75,clear sky
220,Saskylakh,RU,71.9167,114.0833,51.3,72,100,6.78,overcast clouds
221,Zonguldak,TR,41.25,31.8333,61.65,96,100,0.96,overcast clouds
222,Riyadh,SA,24.6877,46.7219,86.14,14,100,9.22,overcast clouds
223,Muros,ES,42.7762,-9.0603,70.16,81,99,4.0,overcast clouds
224,Nome,US,64.5011,-165.4064,73.17,55,0,18.41,clear sky
225,Ulaangom,MN,49.9811,92.0667,65.41,51,100,6.73,light rain
226,Viedma,AR,-40.8135,-62.9967,47.62,64,100,8.77,overcast clouds
227,Moba,CN,33.2288,105.0179,69.13,86,99,4.7,overcast clouds
228,Itaituba,BR,-4.2761,-55.9836,76.01,77,75,0.51,broken clouds
229,Isangel,VU,-19.55,169.2667,80.71,78,75,5.75,broken clouds
230,Plettenberg Bay,ZA,-34.0527,23.3716,59.5,73,97,3.06,overcast clouds
231,Vardo,NO,70.3705,31.1107,48.18,93,29,3.44,scattered clouds
232,Longyearbyen,SJ,78.2186,15.6401,43.11,74,26,7.56,scattered clouds
233,Severomorsk,RU,69.0689,33.4162,52.2,89,86,3.31,overcast clouds
234,Troitskoye,RU,52.9821,84.6757,64.83,81,0,6.13,clear sky
235,Khash,IR,28.2211,61.2158,77.86,20,97,6.35,overcast clouds
236,Bongaree,AU,-27.0797,153.1586,65.21,64,5,11.7,clear sky
237,Jiangyou,CN,31.7667,104.7167,84.18,74,23,2.98,few clouds
238,Havelock,US,34.8791,-76.9013,84.94,89,0,8.05,clear sky
239,Vila Velha,BR,-20.3297,-40.2925,66.15,94,40,2.3,scattered clouds
240,Beira,MZ,-19.8436,34.8389,62.69,100,0,4.61,clear sky
241,Carmo Do Rio Claro,BR,-20.9719,-46.1189,59.7,61,6,0.27,clear sky
242,Oistins,BB,13.0667,-59.5333,82.49,78,75,21.85,broken clouds
243,Tazovskiy,RU,67.4667,78.7,48.99,76,11,8.37,few clouds
244,Ironton,US,38.5368,-82.6829,74.82,95,40,0.0,scattered clouds
245,Shangrao,CN,28.4532,117.9686,89.62,67,43,1.16,scattered clouds
246,San Quintin,MX,30.4833,-115.95,70.68,73,11,15.9,few clouds
247,San Andres,CO,12.5847,-81.7006,84.22,79,75,10.36,broken clouds
248,Moa,CU,20.6569,-74.9403,80.33,84,100,6.8,overcast clouds
249,El Pueblito,MX,20.5333,-100.45,74.39,48,38,15.66,scattered clouds
250,Hambantota,LK,6.1241,81.1185,79.14,78,40,5.75,scattered clouds
251,Katherine,AU,-14.4667,132.2667,66.52,34,6,13.8,clear sky
252,Korla,CN,41.7597,86.1469,82.78,12,41,8.7,scattered clouds
253,Saurimo,AO,-9.6608,20.3916,55.53,50,5,4.14,clear sky
254,Sorong,ID,-0.8833,131.25,81.46,77,16,3.96,few clouds
255,Cidreira,BR,-30.1811,-50.2056,62.26,93,26,14.32,scattered clouds
256,Nemuro,JP,43.3236,145.575,58.19,99,100,16.13,overcast clouds
257,Castro Alves,BR,-12.7656,-39.4283,64.38,96,4,5.26,clear sky
258,Pemba,MZ,-12.974,40.5178,71.29,78,1,8.84,light rain
259,Grand Gaube,MU,-20.0064,57.6608,66.6,65,23,25.12,few clouds
260,Paka,MY,4.6374,103.4368,76.98,100,40,0.0,light rain
261,Plainview,US,40.7765,-73.4673,77.47,63,0,6.91,clear sky
262,Kudahuvadhoo,MV,2.6708,72.8944,82.29,74,89,14.76,moderate rain
263,Vila Franca Do Campo,PT,37.7167,-25.4333,67.19,85,5,6.26,clear sky
264,Mendi,PG,-6.1761,143.6513,67.46,69,73,3.29,broken clouds
265,Grindavik,IS,63.8424,-22.4338,51.75,100,100,17.27,overcast clouds
266,Ornskoldsvik,SE,63.2909,18.7153,50.95,100,75,4.61,broken clouds
267,Nisia Floresta,BR,-6.0911,-35.2086,75.58,93,37,7.34,scattered clouds
268,Latur,IN,18.4,76.5833,70.48,95,100,14.7,overcast clouds
269,Saint-Philippe,RE,-21.3585,55.7679,65.79,74,64,14.14,broken clouds
270,Kirakira,SB,-10.4544,161.9205,84.22,71,18,6.2,few clouds
271,Beaufort,MY,5.3473,115.7455,81.09,69,73,1.86,broken clouds
272,Fort-Shevchenko,KZ,44.5086,50.263,78.01,47,10,15.1,clear sky
273,Abatskoye,RU,56.2875,70.4555,64.85,83,71,5.95,broken clouds
274,Lokosovo,RU,61.1333,74.8167,67.57,75,40,7.76,scattered clouds
275,Hofn,IS,64.2539,-15.2082,49.95,91,100,8.21,overcast clouds
276,Charlottesville,US,38.0293,-78.4767,70.45,96,100,6.91,overcast clouds
277,Kathmandu,NP,27.7167,85.3167,71.82,94,75,0.0,broken clouds
278,Marrakesh,MA,31.6315,-8.0083,89.67,18,67,0.0,broken clouds
279,Kiunga,PG,-6.1219,141.2906,79.84,84,100,3.36,overcast clouds
280,Sozopol,BG,42.4167,27.7,73.74,71,100,12.48,overcast clouds
281,Jorochito,BO,-18.05,-63.4333,79.0,52,46,11.14,scattered clouds
282,Ambon,ID,-3.6954,128.1814,77.14,94,75,4.61,light rain
283,Sulangan,PH,11.1373,123.7228,82.89,75,94,4.83,overcast clouds
284,Namuac,PH,18.6109,121.1657,85.48,72,100,4.94,overcast clouds
285,Warrington,GB,53.3925,-2.5802,61.52,92,40,10.36,scattered clouds
286,Bundaberg,AU,-24.85,152.35,64.22,50,0,5.01,clear sky
287,Lidice,PA,8.75,-79.9,79.7,90,100,6.08,overcast clouds
288,High Level,CA,58.5169,-117.136,71.71,46,75,6.91,broken clouds
289,That Phanom,TH,16.9364,104.7104,78.82,90,100,3.87,overcast clouds
290,Ca Mau,VN,9.1769,105.15,78.51,85,100,9.91,overcast clouds
291,Cocobeach,GA,1.0002,9.5823,74.41,82,100,8.63,overcast clouds
292,Teahupoo,PF,-17.8333,-149.2667,78.76,72,84,16.91,broken clouds
293,Mattru,SL,7.6244,-11.8332,72.99,98,100,3.47,moderate rain
294,Codrington,AU,-38.2667,141.9667,52.38,74,5,9.15,clear sky
295,Oranjestad,AW,12.524,-70.027,82.35,83,40,20.71,scattered clouds
296,Lebu,CL,-37.6167,-73.65,48.78,85,53,12.21,broken clouds
297,Boa Vista,BR,2.8197,-60.6733,82.38,69,75,5.75,broken clouds
298,Erenhot,CN,43.6475,111.9767,77.94,25,0,8.34,clear sky
299,Ratnagiri,IN,16.9833,73.3,79.56,86,100,17.85,moderate rain
300,Marzuq,YE,14.4,46.4667,75.88,39,100,6.11,overcast clouds
301,Umea,SE,63.8284,20.2597,51.73,93,75,2.3,broken clouds
302,Qianguo,CN,45.1171,124.8568,80.56,54,26,13.82,scattered clouds
303,Ust-Kulom,RU,61.6864,53.6902,62.71,67,92,0.96,overcast clouds
304,Yulara,AU,-25.2406,130.9889,51.85,45,0,10.63,clear sky
305,Harper,LR,4.375,-7.7169,75.99,76,100,9.84,overcast clouds
306,Kungurtug,RU,50.5994,97.5228,59.52,60,100,1.28,overcast clouds
307,Salinopolis,BR,-0.6136,-47.3561,77.07,86,100,8.3,overcast clouds
308,Bilibino,RU,68.0546,166.4372,39.43,93,100,5.23,overcast clouds
309,Chokurdakh,RU,70.6333,147.9167,62.17,35,0,9.13,clear sky
310,Haines Junction,CA,60.7522,-137.5108,67.95,42,41,12.66,scattered clouds
311,Colares,PT,38.7992,-9.4469,80.46,78,0,10.29,clear sky
312,Hailey,US,43.5196,-114.3153,84.79,22,0,9.22,clear sky
313,Itarema,BR,-2.9248,-39.9167,78.37,78,93,12.62,overcast clouds
314,Belaya Gora,RU,68.5333,146.4167,60.13,53,92,9.37,overcast clouds
315,Sawakin,SD,19.1059,37.3321,90.07,51,92,26.42,overcast clouds
316,Aranjuez,ES,40.0311,-3.6025,86.09,26,0,8.23,clear sky
317,Marawi,PH,7.9986,124.2928,77.22,75,96,6.82,overcast clouds
318,Tautira,PF,-17.7333,-149.15,76.84,73,93,16.89,overcast clouds
319,Labuhan,ID,-6.8844,112.2051,77.54,77,6,6.53,clear sky
320,Ketchikan,US,55.3422,-131.6461,57.67,94,100,10.36,light rain
321,Kieta,PG,-6.2167,155.6333,84.78,65,42,8.57,scattered clouds
322,Ixtapa,MX,20.7,-105.2,86.23,78,73,3.0,broken clouds
323,Zhezkazgan,KZ,47.8043,67.7144,58.98,77,0,8.95,clear sky
324,Kabanjahe,ID,3.1001,98.4908,65.95,85,99,4.54,overcast clouds
325,San-Pedro,CI,4.7485,-6.6363,75.6,81,100,7.96,overcast clouds
326,Meulaboh,ID,4.1363,96.1285,77.23,81,99,3.49,heavy intensity rain
327,Srednekolymsk,RU,67.45,153.6833,60.19,41,47,5.28,scattered clouds
328,Babayurt,RU,43.6002,46.7789,72.9,54,0,13.51,clear sky
329,Berdigestyakh,RU,62.0989,126.6992,55.13,97,100,5.37,light rain
330,Lata,PT,40.1629,-8.3327,66.33,56,0,1.97,clear sky
331,Shimoda,JP,34.6667,138.95,80.96,88,100,4.83,overcast clouds
332,Auki,SB,-8.7676,160.7034,85.17,64,24,3.58,few clouds
333,Laje,BR,-10.1833,-40.9667,66.61,88,10,12.37,clear sky
334,Hasaki,JP,35.7333,140.8333,84.29,88,100,14.52,overcast clouds
335,Marsassoum,SN,12.8275,-15.9806,80.69,90,69,5.26,light rain
336,Nalut,LY,30.3333,10.85,77.22,46,32,19.22,scattered clouds
337,Naze,JP,28.3667,129.4833,85.12,80,1,7.7,clear sky
338,Tiarei,PF,-17.5333,-149.3333,84.22,73,54,19.51,broken clouds
339,Mecca,SA,21.4267,39.8261,85.44,22,94,4.56,overcast clouds
340,Flinders,AU,-34.5833,150.8552,58.17,86,69,5.99,light rain
341,Selma,US,36.5708,-119.6121,98.35,26,0,10.36,clear sky
342,Tlanchinol,MX,20.9833,-98.65,66.74,84,20,4.09,few clouds
343,Miles City,US,46.4083,-105.8406,94.17,29,0,11.5,clear sky
344,Leningradskiy,RU,69.3833,178.4167,36.48,91,100,8.7,overcast clouds
345,Ostrovnoy,RU,68.0531,39.5131,46.81,91,90,4.0,overcast clouds
346,Hamina,FI,60.5697,27.1979,56.48,82,97,4.9,overcast clouds
347,Galveston,US,29.3669,-94.9669,94.17,69,15,4.0,few clouds
348,Omboue,GA,-1.5746,9.2618,69.53,87,32,6.91,scattered clouds
349,Niksar,TR,40.5917,36.9517,64.89,86,98,3.18,overcast clouds
350,Koppies,ZA,-27.2418,27.5742,46.38,71,0,5.66,clear sky
351,Cherskiy,RU,68.75,161.3,49.21,53,96,12.57,overcast clouds
352,Jacareacanga,BR,-6.2222,-57.7528,76.19,75,89,1.05,overcast clouds
353,Pyapon,MM,16.2833,95.6833,76.3,97,100,4.9,overcast clouds
354,Jejuri,IN,18.2833,74.1667,70.72,87,100,10.02,overcast clouds
355,Pudozh,RU,61.8099,36.5345,56.75,88,87,4.63,overcast clouds
356,Bruck An Der Mur,AT,47.4036,15.2952,60.15,96,100,3.44,overcast clouds
357,Yar-Sale,RU,66.8333,70.8333,59.27,67,92,8.84,overcast clouds
358,Slonim,BY,53.0867,25.3219,51.49,95,100,4.52,overcast clouds
359,Nizwa,OM,22.9333,57.5333,77.32,90,100,0.58,moderate rain
360,San Cristobal,VE,7.7669,-72.225,75.38,99,99,3.65,overcast clouds
361,Houma,US,29.5958,-90.7195,87.8,74,0,9.22,clear sky
362,Northam,GB,51.0333,-4.2167,59.4,84,0,5.21,clear sky
363,Okhotsk,RU,59.3833,143.3,67.03,63,100,8.14,overcast clouds
364,Banda Aceh,ID,5.5577,95.3222,82.04,73,100,13.33,overcast clouds
365,Manta,EC,-0.95,-80.7333,74.98,83,75,12.66,broken clouds
366,Manzhouli,CN,49.6,117.4333,67.89,55,5,14.32,clear sky
367,Batagay-Alyta,RU,67.8006,130.4114,54.14,71,100,4.43,overcast clouds
368,Victor Harbor,AU,-35.5667,138.6167,51.01,76,100,11.72,overcast clouds
369,Pierre,US,44.3683,-100.351,93.85,54,0,13.8,clear sky
370,Zaria,NG,11.1113,7.7227,71.02,87,100,5.26,moderate rain
371,Samarai,PG,-10.6167,150.6667,82.67,73,52,9.48,broken clouds
372,Yerofey Pavlovich,RU,53.9667,121.9667,58.59,97,100,1.39,light rain
373,Road Town,VG,18.4167,-64.6167,82.49,83,40,9.22,scattered clouds
374,Amethi,IN,26.15,81.8167,89.01,55,0,11.68,clear sky
375,Vestmanna,FO,62.1564,-7.1664,50.92,100,100,6.91,moderate rain
376,Alugan,PH,12.2188,125.4808,84.87,68,28,3.67,scattered clouds
377,Mount Gambier,AU,-37.8333,140.7667,42.71,100,40,9.22,scattered clouds
378,Sabalgarh,IN,26.25,77.4,89.19,58,96,1.92,overcast clouds
379,Cuamba,MZ,-14.8031,36.5372,55.94,76,0,1.95,clear sky
380,Faya,SA,18.3851,42.4509,64.51,30,100,9.6,overcast clouds
381,Mehamn,NO,71.0357,27.8492,53.51,93,100,2.3,overcast clouds
382,Amos,CA,48.5669,-78.1162,57.36,71,0,2.73,clear sky
383,Cabul-An,PH,10.15,124.05,82.49,78,75,10.36,broken clouds
384,Ahipara,NZ,-35.1667,173.1667,63.19,72,100,5.77,overcast clouds
385,Poso,ID,-1.3959,120.7524,76.23,92,100,5.95,light rain
386,Dingle,PH,10.9995,122.6711,81.99,83,40,12.62,scattered clouds
387,Soe,ID,-9.8607,124.284,66.15,91,100,4.16,overcast clouds
388,Goure,NE,13.9835,10.2704,82.15,55,40,13.33,scattered clouds
389,Kjustendil,BG,42.2839,22.6911,54.21,91,3,4.47,clear sky
390,Seymchan,RU,62.8833,152.4333,67.23,52,2,3.6,clear sky
391,Salinas,US,36.6777,-121.6555,79.41,65,0,8.14,clear sky
392,Kochetok,UA,49.8801,36.7372,67.5,54,100,3.58,overcast clouds
393,Saint Anthony,US,45.0205,-93.218,80.92,59,79,1.99,broken clouds
394,Stokmarknes,NO,68.5646,14.9108,46.38,93,44,5.75,scattered clouds
395,Shellbrook,CA,53.2168,-106.4011,76.23,69,1,9.78,clear sky
396,Iracoubo,GF,5.4802,-53.2011,76.93,89,100,7.16,overcast clouds
397,Ternate,ID,0.8,127.4,83.28,71,100,2.26,overcast clouds
398,Iturama,BR,-19.7281,-50.1956,69.67,38,5,5.75,clear sky
399,Poum,NC,-20.2333,164.0167,78.55,83,93,21.79,light rain
400,Valparaiso,CL,-33.0393,-71.6273,55.04,89,100,18.41,light rain
401,Birjand,IR,32.8663,59.2211,72.07,17,0,11.5,clear sky
402,Vanersborg,SE,58.3807,12.3234,58.95,71,100,2.3,overcast clouds
403,Ivankiv,UA,50.9386,29.8943,54.86,96,32,6.76,scattered clouds
404,Orodara,BF,10.9492,-4.9342,70.2,94,97,8.5,overcast clouds
405,San Jeronimo,PE,-11.9472,-75.2829,48.2,77,50,5.41,scattered clouds
406,Tsabong,BW,-26.0217,22.401,57.6,40,0,18.34,clear sky
407,Mpulungu,ZM,-8.7623,31.1141,64.02,66,3,10.31,clear sky
408,Kismayo,SO,-0.3582,42.5454,75.02,79,36,20.04,light rain
409,Nelson Bay,AU,-32.7167,152.15,54.0,99,90,13.0,light rain
410,Kapit,MY,2.0167,112.9333,79.48,84,100,0.81,overcast clouds
411,Twin Falls,US,42.3505,-114.6445,89.94,21,0,9.22,clear sky
412,Kyra,RU,49.5776,111.9753,65.34,48,6,11.59,clear sky
413,Maumelle,US,34.8668,-92.4043,93.06,64,63,10.27,broken clouds
414,Kutum,SD,14.2,24.6667,79.39,41,91,4.14,overcast clouds
415,Acapulco,MX,16.8634,-99.8901,82.51,82,81,9.55,broken clouds
416,Yinchuan,CN,38.4681,106.2731,75.16,41,0,7.9,clear sky
417,Buin,CL,-33.7333,-70.75,50.74,90,100,3.89,light rain
418,Makakilo City,US,21.3469,-158.0858,82.72,65,100,16.11,overcast clouds
419,Havoysund,NO,70.9963,24.6622,52.03,81,48,6.13,scattered clouds
420,Nishihara,JP,26.1842,127.7558,87.46,84,75,13.8,broken clouds
421,General Roca,AR,-39.0333,-67.5833,51.75,34,100,9.04,overcast clouds
422,Carauari,BR,-4.8828,-66.8958,73.35,96,74,2.73,moderate rain
423,Xingyi,CN,24.1877,102.817,66.79,89,49,1.7,scattered clouds
424,Fairview,US,40.8126,-73.999,77.36,55,0,3.44,clear sky
425,Baruun-Urt,MN,46.6806,113.2792,67.66,47,100,3.09,overcast clouds
426,Kununurra,AU,-15.7667,128.7333,67.98,32,0,13.8,clear sky
427,Tukrah,LY,32.5341,20.5791,78.13,67,0,14.81,clear sky
428,Mamallapuram,IN,12.6264,80.1722,82.45,66,100,14.07,overcast clouds
429,Camacha,PT,33.0833,-16.3333,63.82,94,40,14.97,scattered clouds
430,Sampit,ID,-2.5333,112.95,79.5,79,38,3.76,scattered clouds
431,Acarau,BR,-2.8856,-40.12,78.4,79,89,13.82,overcast clouds
432,Tilichiki,RU,60.4667,166.1,66.02,52,54,21.16,broken clouds
433,Trelew,AR,-43.249,-65.3051,46.62,57,100,2.28,overcast clouds
434,Elizabeth City,US,36.2946,-76.2511,79.0,91,40,4.61,scattered clouds
435,Hauterive,FR,46.0901,3.4459,57.96,81,1,0.94,clear sky
436,Anadyr,RU,64.75,177.4833,55.9,94,75,8.95,light rain
437,Abramovka,RU,51.1886,41.0202,65.59,58,18,9.28,few clouds
438,Najran,SA,17.4924,44.1277,84.85,32,100,5.64,overcast clouds
439,Bada,RU,51.392,109.8717,65.19,48,16,10.8,few clouds
440,Villa Carlos Paz,AR,-31.4241,-64.4978,74.48,44,6,4.0,clear sky
441,Ugento,IT,39.9263,18.1574,69.46,68,0,18.32,clear sky
442,Komsomolskiy,UZ,40.4272,71.7189,75.92,33,69,6.91,broken clouds
443,Abha,SA,18.2164,42.5053,64.22,55,40,11.5,scattered clouds
444,Hudiksvall,SE,61.729,17.1036,51.82,84,100,10.47,overcast clouds
445,Aktash,RU,50.3,87.7333,45.43,87,100,3.0,overcast clouds
446,Olga,RU,43.7444,135.2892,75.88,64,2,4.09,clear sky
447,Nioro,GM,13.35,-15.75,76.64,86,8,6.55,light rain
448,Trincomalee,LK,8.5711,81.2335,81.5,74,100,19.69,overcast clouds
449,Dongying,CN,37.4564,118.4856,81.3,70,100,13.27,overcast clouds
450,El Dovio,CO,4.5079,-76.2362,63.9,97,100,5.28,overcast clouds
451,Pinawa,CA,50.1489,-95.8811,73.02,91,26,11.9,scattered clouds
452,Sawtell,AU,-30.3833,153.1,60.82,55,0,6.91,clear sky
453,Kribi,CM,2.95,9.9167,75.29,87,100,7.7,light rain
454,Bandarbeyla,SO,9.4942,50.8122,77.76,65,36,29.42,scattered clouds
455,Barra Patuca,HN,15.8,-84.2833,79.47,86,8,7.76,clear sky
456,Inyonga,TZ,-6.7167,32.0667,56.07,62,0,4.63,clear sky
457,Khandyga,RU,62.6667,135.6,80.13,38,74,5.97,broken clouds
458,Abnub,EG,27.2696,31.1511,82.6,31,5,7.63,clear sky
459,Pangnirtung,CA,66.1451,-65.7125,45.97,77,76,2.84,broken clouds
460,Lichinga,MZ,-13.3128,35.2406,52.56,60,47,5.21,scattered clouds
461,Nantucket,US,41.2835,-70.0995,69.91,87,93,12.8,overcast clouds
462,Hami,CN,42.8,93.45,86.97,16,88,11.05,overcast clouds
463,Sabha,LY,27.0377,14.4283,83.97,38,10,17.65,clear sky
464,Shenjiamen,CN,29.9576,122.298,80.8,85,78,9.17,broken clouds
465,Beisfjord,NO,68.3751,17.5988,56.05,89,94,1.16,overcast clouds
466,Xinan,CN,26.72,119.8556,85.28,75,84,3.18,broken clouds
467,Castro Daire,PT,40.8984,-7.9338,70.72,25,0,2.98,clear sky
468,Turayf,SA,31.6725,38.6637,73.65,46,0,14.97,clear sky
469,Caraballeda,VE,10.6112,-66.8522,77.86,92,23,8.63,few clouds
470,Hit,IQ,33.6416,42.8251,88.02,22,0,16.13,clear sky
471,Kavaratti,IN,10.5669,72.642,81.09,81,100,22.68,overcast clouds
472,Linxi,CN,39.7,118.4333,68.41,93,100,6.91,overcast clouds
473,Lasa,IT,46.6166,10.7002,57.36,91,44,6.17,scattered clouds
474,Kiama,AU,-34.6833,150.8667,61.0,90,80,1.99,light rain
475,Akdepe,TM,42.0551,59.3788,69.89,40,1,8.46,clear sky
476,Ondjiva,AO,-17.0667,15.7333,54.55,46,0,7.02,clear sky
477,Vestmannaeyjar,IS,63.4427,-20.2734,52.23,89,100,15.79,overcast clouds
478,Pacifica,US,37.6138,-122.4869,78.71,81,75,12.66,broken clouds
479,Cuenca,EC,-2.8833,-78.9833,59.13,72,75,5.75,broken clouds
480,Barcelona,ES,41.3888,2.159,78.87,63,0,3.0,clear sky
481,Nouadhibou,MR,20.931,-17.0347,67.98,94,75,9.22,broken clouds
482,Tsiroanomandidy,MG,-18.7667,46.0333,51.46,77,0,4.25,clear sky
483,Iquitos,PE,-3.7481,-73.2472,75.24,94,75,3.44,broken clouds
484,Kajaani,FI,64.2273,27.7285,57.25,100,40,4.61,scattered clouds
485,Sibu,MY,2.3,111.8167,75.51,94,20,3.44,few clouds
486,Cap-Aux-Meules,CA,47.3821,-61.8597,59.05,72,20,12.66,few clouds
487,Venado Tuerto,AR,-33.7456,-61.9688,57.76,87,1,5.5,clear sky
488,Oriximina,BR,-1.7656,-55.8661,79.7,72,100,3.29,overcast clouds
489,Youghal,IE,51.95,-7.8506,63.61,100,2,2.42,clear sky
490,Karhal,IN,27.0003,78.9414,87.51,59,100,10.33,overcast clouds
491,Chifeng,CN,42.2683,118.9636,81.3,38,84,8.46,broken clouds
492,Chietla,MX,18.5167,-98.5833,76.32,58,98,2.84,overcast clouds
493,Colac,AU,-38.3333,143.5833,51.84,75,0,8.57,clear sky
494,Verkhnyaya Inta,RU,65.9811,60.3094,59.54,67,96,5.82,overcast clouds
495,Turbat,PK,26.0023,63.044,82.99,83,32,3.06,light rain
496,Yabrud,SY,33.9674,36.6574,64.94,42,0,1.39,clear sky
497,Pemangkat,ID,1.1667,108.9667,80.53,75,21,5.19,few clouds
498,Senneterre,CA,48.3835,-77.2328,56.79,69,0,2.86,clear sky
499,Ciudad Bolivar,VE,8.1222,-63.5497,77.79,87,90,6.82,overcast clouds
500,Ust-Kuyga,RU,70.0167,135.6,63.93,42,98,13.94,overcast clouds
501,Tura,IN,25.5198,90.2201,78.78,85,16,4.12,few clouds
502,Immenstadt,DE,47.561,10.2199,60.62,69,81,3.22,broken clouds
503,Lloydminster,CA,53.2835,-110.0016,73.62,53,40,6.91,scattered clouds
504,Kargopol,RU,61.5071,38.9456,58.06,76,100,3.53,overcast clouds
505,Nanakuli,US,21.3906,-158.1547,84.15,61,100,16.11,overcast clouds
506,Port Macquarie,AU,-31.4333,152.9167,59.14,59,1,11.65,clear sky
507,Piopio,NZ,-38.4667,175.0167,59.09,91,100,3.87,overcast clouds
508,Cruzeiro Do Sul,BR,-29.5128,-51.9853,68.52,91,72,3.29,broken clouds
509,Pathein,MM,16.7833,94.7333,78.3,91,100,7.76,overcast clouds
510,Balkhash,KZ,46.844,74.9804,68.43,59,1,6.71,clear sky
511,Idrinskoye,RU,54.3708,92.1358,65.55,71,38,5.7,scattered clouds
512,Glendive,US,47.1053,-104.7125,86.49,58,2,9.4,clear sky
513,Sinnamary,GF,5.3833,-52.95,77.68,87,100,7.72,overcast clouds
514,Manggar,ID,-2.8833,108.2667,83.41,70,74,10.85,broken clouds
515,Gat,IL,31.61,34.7642,75.4,100,3,3.91,clear sky
516,Mayo,US,38.8876,-76.5119,72.01,92,100,1.01,overcast clouds
517,Torbay,CA,47.6666,-52.7314,57.27,88,75,10.36,broken clouds
518,Moyale,KE,3.5167,39.0584,62.4,78,74,12.44,broken clouds
519,Chumikan,RU,54.7183,135.315,51.58,98,100,7.09,light rain
520,Los Algarrobos,PA,8.5,-82.4333,73.81,94,75,9.22,broken clouds
521,Marsa Matruh,EG,31.3525,27.2453,76.71,72,0,12.75,clear sky
522,Mamit,IN,23.9333,92.4833,71.46,96,32,1.45,scattered clouds
523,Praia Da Vitoria,PT,38.7333,-27.0667,67.75,88,75,7.76,light rain
524,Sao Jose Da Coroa Grande,BR,-8.8978,-35.1478,74.89,84,5,15.1,clear sky
525,Manaus,BR,-3.1019,-60.025,82.89,74,0,4.61,clear sky
526,Goderich,CA,43.7501,-81.7165,64.72,63,0,6.91,clear sky
527,Tuni,IN,17.35,82.55,76.68,88,100,15.75,overcast clouds
528,Zumpahuacan,MX,18.9,-99.55,64.51,95,100,6.8,moderate rain
529,Tlaltenango,MX,19.1667,-98.3333,62.96,72,84,6.55,broken clouds
530,Letlhakeng,BW,-24.0944,25.0298,50.18,55,0,7.45,clear sky
531,Pergamino,AR,-33.89,-60.5736,60.19,87,0,7.2,clear sky
532,Port Lincoln,AU,-34.7333,135.8667,52.54,66,100,17.02,overcast clouds
533,Alingsas,SE,57.9303,12.5335,55.51,82,11,2.82,few clouds
534,Antofagasta,CL,-23.65,-70.4,58.28,83,100,7.96,overcast clouds
535,San Carlos Del Zulia,VE,9.0,-71.9135,78.17,83,91,5.03,overcast clouds
536,Ban Nahin,LA,18.2418,104.2122,79.07,91,70,0.96,broken clouds
537,Minas,UY,-34.3759,-55.2377,62.65,91,8,17.87,clear sky
538,Geraldton,AU,-28.7667,114.6,63.01,63,100,8.05,overcast clouds
539,Fereydun Kenar,IR,36.6864,52.5225,75.79,61,0,3.74,clear sky
540,Kahului,US,20.8947,-156.47,82.98,84,58,11.01,broken clouds
541,Svetlogorsk,BY,52.6333,29.7333,55.67,96,100,6.22,overcast clouds
542,Miragoane,HT,18.4423,-73.0876,82.81,72,98,2.77,overcast clouds
543,Waingapu,ID,-9.6567,120.2641,81.05,70,100,15.41,overcast clouds
544,Moses Lake,US,47.1301,-119.2781,82.89,21,0,16.02,clear sky
545,Hanmer Springs,NZ,-42.5167,172.8167,38.88,81,100,3.02,overcast clouds
546,Gladstone,AU,-23.85,151.25,58.93,51,0,8.05,clear sky
547,Gleisdorf,AT,47.1061,15.7127,64.08,78,100,3.69,overcast clouds
548,Sachin,IN,21.0833,72.8833,82.29,83,100,10.36,overcast clouds
549,Wasilla,US,61.5814,-149.4394,70.74,47,89,5.99,overcast clouds
550,Banjarmasin,ID,-3.3244,114.591,80.74,83,96,2.39,overcast clouds
551,Sao Joaquim,BR,-28.2939,-49.9317,47.73,93,76,3.42,broken clouds
552,Drayton Valley,CA,53.2168,-114.9854,62.01,86,100,9.51,overcast clouds
553,Muli,MV,2.9167,73.5667,81.86,77,100,14.38,overcast clouds
554,Mollendo,PE,-17.0231,-72.0147,60.6,84,71,5.03,broken clouds
555,Kalmunai,LK,7.4167,81.8167,83.7,59,100,8.9,overcast clouds
556,Hastings,GB,50.8552,0.5729,60.78,94,0,6.89,clear sky
557,Husavik,IS,66.0449,-17.3389,52.9,84,95,6.42,overcast clouds
558,Denpasar,ID,-8.65,115.2167,80.26,88,40,12.66,scattered clouds
559,Swan Hill,AU,-35.3378,143.5544,53.26,61,0,8.43,clear sky
560,Lodja,CD,-3.4833,23.4333,67.95,46,3,1.88,clear sky
561,Yelizovo,RU,53.1873,158.3805,91.54,46,20,4.47,few clouds
562,Warrnambool,AU,-38.3833,142.4833,49.8,75,0,12.55,clear sky
563,Coahuayana,MX,18.7333,-103.6833,82.62,79,100,4.09,overcast clouds
564,Blyth,GB,55.1271,-1.5086,59.07,77,0,6.91,clear sky
565,Alnashi,RU,56.1874,52.4792,63.99,88,93,2.04,overcast clouds
566,Alekseyevsk,RU,57.8406,108.3492,62.37,67,100,5.37,overcast clouds
567,Bat Yam,IL,32.0231,34.7503,76.15,84,40,9.22,scattered clouds
568,Kampene,CD,-3.6,26.6667,65.95,55,0,1.9,clear sky
569,Watertown,US,42.3709,-71.1828,68.7,67,5,1.99,clear sky
570,Charters Towers,AU,-20.1,146.2667,61.54,47,0,11.23,clear sky
571,Biltine,TD,14.5333,20.9167,84.29,43,48,7.25,scattered clouds
572,La Victoria,VE,10.2184,-67.3302,71.08,88,83,3.78,broken clouds
573,Gewane,ET,10.1664,40.6453,78.37,58,100,10.78,overcast clouds
574,Aitape,PG,-3.1374,142.3475,83.91,72,39,5.55,light rain
575,Onguday,RU,50.75,86.15,56.95,91,83,0.69,broken clouds
576,Dicabisagan,PH,17.0818,122.4157,86.02,71,52,5.01,broken clouds
577,Mangrol,IN,21.1167,70.1167,82.24,82,100,19.95,overcast clouds
578,Andenes,NO,69.3143,16.1194,51.93,93,9,5.75,clear sky
579,Isla Vista,US,34.4133,-119.861,92.37,28,2,8.59,clear sky
580,Southbridge,US,42.0751,-72.0334,68.97,68,69,3.83,broken clouds
581,Yerbogachen,RU,61.2767,108.0108,66.65,48,5,2.98,clear sky
582,Kem,RU,64.9555,34.5793,54.05,83,94,6.49,overcast clouds
583,Broken Hill,AU,-31.95,141.4333,49.5,56,0,6.04,clear sky
584,Oskarshamn,SE,57.2645,16.4484,55.98,73,14,8.9,few clouds
585,Amapa,BR,1.0,-52.0,71.1,99,85,2.1,overcast clouds
586,Coolum Beach,AU,-26.5333,153.1,62.33,70,42,9.95,light rain
587,Kamenka,RU,51.3223,42.7678,69.57,44,85,9.86,overcast clouds
588,College,US,64.8569,-147.8028,74.21,64,75,11.5,light rain
589,Roald,NO,62.5833,6.1333,54.16,93,100,8.05,overcast clouds
590,Jasper,US,37.2001,-94.3502,82.89,67,20,3.0,few clouds
591,Lewistown,US,40.5992,-77.5714,76.41,88,75,0.0,broken clouds
592,Diamantino,BR,-14.4086,-56.4461,75.09,44,100,4.74,overcast clouds
593,Ponta Delgada,PT,37.7333,-25.6667,67.5,77,75,9.22,broken clouds
594,Zuienkerke,BE,51.2525,3.1361,59.02,81,20,1.14,few clouds
595,Ust-Tsilma,RU,65.441,52.1498,60.12,63,100,1.03,overcast clouds
596,The Pas,CA,53.8251,-101.2541,82.42,54,75,8.05,broken clouds
597,Zhangye,CN,38.9342,100.4517,81.39,33,94,3.87,overcast clouds
598,Kansk,RU,56.2017,95.7175,64.62,76,95,1.12,overcast clouds
599,Fort Nelson,CA,58.8053,-122.7002,63.99,77,75,5.75,light intensity shower rain
600,Bani Walid,LY,31.7566,13.9942,70.66,76,2,6.64,clear sky
601,Shubarshi,KZ,48.5872,57.1869,68.94,55,6,6.46,clear sky
602,Kaduqli,SD,11.0167,29.7167,74.1,83,100,3.89,overcast clouds
603,Deniliquin,AU,-35.5333,144.9667,54.75,55,0,8.34,clear sky
604,La Raya De Santa Maria,PA,8.1667,-80.8167,76.64,92,100,6.44,overcast clouds
605,Katangli,RU,51.7102,143.2326,74.77,61,1,5.79,clear sky
606,Meadow Lake,US,34.8014,-106.5436,73.96,63,100,7.02,light rain
607,Hirara,JP,24.8,125.2833,84.81,75,73,12.82,broken clouds
608,Aranos,NA,-24.1333,19.1167,48.15,47,2,7.09,clear sky
609,Ahuimanu,US,21.4447,-157.8378,82.85,73,50,8.01,scattered clouds
610,Lichuan,CN,30.3,108.85,75.88,80,13,3.67,few clouds
611,Sambava,MG,-14.2667,50.1667,68.92,85,68,13.38,light rain
612,Presidencia Roque Saenz Pena,AR,-26.7852,-60.4388,74.1,42,100,8.25,overcast clouds
613,Margate,GB,51.3813,1.3862,58.3,87,0,5.21,clear sky
614,Daska,PK,32.3243,74.3497,79.05,82,100,9.53,overcast clouds
615,Kulhudhuffushi,MV,6.6221,73.07,80.89,82,100,17.27,overcast clouds
616,Kiruna,SE,67.8557,20.2251,49.12,87,20,4.61,few clouds
617,Umm Kaddadah,SD,13.6017,26.6876,81.43,58,96,14.97,overcast clouds
618,Pijijiapan,MX,15.7011,-93.23,79.86,90,6,0.85,clear sky
619,Brus Laguna,HN,15.75,-84.4833,76.15,95,17,2.8,few clouds
620,Broome,US,42.2506,-75.833,63.37,82,0,4.56,clear sky
621,Luanda,AO,-8.8368,13.2343,69.8,83,75,6.91,broken clouds
622,Bulgan,MN,48.8125,103.5347,58.69,76,100,3.13,overcast clouds
623,Vung Tau,VN,10.346,107.0843,77.58,82,100,14.54,light rain
624,Berlevag,NO,70.8578,29.0864,53.55,82,100,1.14,overcast clouds
625,Sitka,US,57.0531,-135.33,57.45,91,100,2.08,light rain
626,Sivas,TR,39.7916,37.0019,61.11,70,8,2.06,clear sky
627,Madison,US,34.7334,-86.5667,76.5,92,40,6.91,scattered clouds
628,Tsimlyansk,RU,47.6461,42.1019,71.1,49,6,9.33,clear sky
629,Peniche,PT,39.3558,-9.3811,70.29,92,0,8.88,clear sky
630,Kalaleh,IR,37.3807,55.4916,73.08,65,2,2.37,clear sky
631,Alice Springs,AU,-23.7,133.8833,51.35,50,0,14.97,clear sky
632,Kaohsiung,TW,22.6163,120.3133,89.04,71,40,3.44,scattered clouds
633,Birobidzhan,RU,48.8,132.95,71.38,86,100,6.2,overcast clouds
634,Cusco,PE,-13.5183,-71.9781,48.43,62,20,4.61,few clouds
635,Ustynivka,UA,47.9551,32.5367,63.07,81,100,15.12,overcast clouds
636,Morales,CO,2.757,-76.6172,60.46,93,100,1.7,overcast clouds
637,Atyrau,KZ,47.1167,51.8833,68.02,52,0,6.71,clear sky
638,Celestun,MX,20.8667,-90.4,79.68,84,93,6.67,overcast clouds
639,Cabedelo,BR,-6.9811,-34.8339,75.76,85,27,15.28,scattered clouds
640,Panguipulli,CL,-39.6333,-72.3333,42.19,99,100,2.06,moderate rain
641,Hare Bay,CA,48.8499,-54.0148,58.35,84,40,8.08,scattered clouds
642,Ankpa,NG,7.3706,7.6253,70.47,97,100,7.31,overcast clouds
643,Vostok,RU,46.4856,135.8833,74.21,57,100,1.3,overcast clouds
644,Rawson,AR,-43.3002,-65.1023,47.62,61,100,4.92,overcast clouds
645,Tutoia,BR,-2.7619,-42.2744,77.09,87,41,8.46,scattered clouds
646,Kaputa,ZM,-8.4689,29.6619,62.35,65,2,1.97,clear sky
647,Ureki,GE,41.9956,41.7786,69.76,90,5,4.97,clear sky
648,Kaoma,ZM,-14.7833,24.8,49.75,72,0,5.59,clear sky
649,Phan Thiet,VN,10.9333,108.1,76.91,85,97,12.82,moderate rain
650,Qasigiannguit,GL,68.8193,-51.1922,50.25,89,92,3.2,overcast clouds
651,Gombe,NG,10.2897,11.1673,75.04,81,100,15.1,overcast clouds
652,Itaueira,BR,-7.6033,-43.0256,71.51,56,7,3.36,clear sky
653,La Sarre,CA,48.8002,-79.1996,59.67,67,0,3.09,clear sky
654,San Carlos De Bariloche,AR,-41.1456,-71.3082,36.25,77,98,5.28,overcast clouds
655,Tavatuy,RU,57.0703,60.1336,64.24,82,80,2.68,broken clouds
656,Hoi An,VN,15.8794,108.335,80.56,91,100,6.02,light rain
657,La Rioja,ES,42.25,-2.5,58.78,56,0,5.75,clear sky
658,Aripuana,BR,-9.1667,-60.6333,76.19,58,6,1.72,clear sky
659,Ormara,PK,25.2088,64.6357,82.98,83,93,6.46,overcast clouds
660,Trairi,BR,-3.2778,-39.2689,77.95,78,100,10.38,overcast clouds
661,Birao,CF,10.2849,22.7882,73.42,80,100,1.81,light rain
662,Nelidovo,RU,56.2211,32.7774,58.1,97,100,4.25,light rain
663,Suruc,TR,36.9761,38.425,76.21,53,0,14.05,clear sky
664,Mao,ES,39.8885,4.2658,70.36,78,0,4.61,clear sky
665,Khandbari,NP,27.3747,87.2039,75.42,82,28,1.05,scattered clouds
666,Manali,IN,13.1667,80.2667,82.49,78,100,12.21,overcast clouds
667,Techiman,GH,7.5862,-1.9414,69.3,98,100,5.17,light rain
668,Macklin,CA,52.3334,-109.9348,73.22,53,3,6.96,clear sky
669,Taoudenni,ML,22.6783,-3.9836,99.99,7,56,8.39,broken clouds
670,Port Hedland,AU,-20.3167,118.5667,64.45,25,0,11.5,clear sky
671,Port Hawkesbury,CA,45.6169,-61.3485,57.58,83,6,4.21,clear sky
672,Daitari,IN,21.1,85.75,76.41,86,100,5.41,overcast clouds
673,Nadym,RU,65.5333,72.5167,64.33,65,12,8.63,few clouds
674,Beringovskiy,RU,63.05,179.3167,48.63,90,100,9.69,light rain
675,Prainha,BR,-1.8,-53.48,74.95,84,6,3.47,clear sky
676,Tungor,RU,53.3808,142.9564,78.4,57,0,13.69,clear sky
677,Forest Hill,US,32.6721,-97.2692,103.17,32,75,11.5,broken clouds
678,Coquimbo,CL,-29.9533,-71.3436,56.26,84,100,5.35,overcast clouds
679,Tera,NE,14.0078,0.7531,86.5,53,79,10.58,broken clouds
680,Ponnani,IN,10.767,75.9252,74.52,88,100,14.25,overcast clouds
681,Mabaruma,GY,8.2,-59.7833,74.55,98,100,2.04,overcast clouds
682,Malangali,TZ,-8.5667,34.85,53.8,76,14,10.49,few clouds
683,Shaunavon,CA,49.6501,-108.4181,75.94,47,85,11.45,overcast clouds
684,Nanlong,CN,31.3533,106.0631,87.19,70,32,5.12,scattered clouds
685,Loralai,PK,30.3705,68.598,77.34,69,96,2.51,overcast clouds
686,Porto Walter,BR,-8.2686,-72.7439,77.36,72,85,2.57,overcast clouds
687,Kangaatsiaq,GL,68.3065,-53.4641,40.86,90,96,6.85,overcast clouds
688,Aswan,EG,24.0934,32.907,83.59,25,96,8.5,overcast clouds
689,Anaco,VE,9.4389,-64.4728,74.3,88,26,6.49,scattered clouds
690,Blagoyevo,RU,63.3667,47.9167,61.57,65,99,1.66,overcast clouds
691,Taltal,CL,-25.4,-70.4833,58.73,74,45,1.68,scattered clouds
692,Guthrie,US,35.8789,-97.4253,96.57,51,0,13.42,clear sky
693,Whyalla,AU,-33.0333,137.5833,52.23,56,92,13.62,overcast clouds
694,Rassvet,RU,46.8333,40.75,77.29,45,72,24.61,broken clouds
